{
    "parent": "item/handheld_rod",
    "textures": {
        "layer0": "item/carrot_on_a_stick"
    },
    "overrides": [
    	{"predicate": {"custom_model_data": 0}, "model": "item/carrot_on_a_stick"},
        {"predicate": {"custom_model_data": 11}, "model": "item/carrot_on_a_stick/normal_grenade","#":"ノーマルグレネード"},
        {"predicate": {"custom_model_data": 12}, "model": "item/carrot_on_a_stick/streng_grenade","#":"強化グレネード"},

        {"predicate": {"custom_model_data": 101}, "model": "item/carrot_on_a_stick/handgun"},
        {"predicate": {"custom_model_data": 102}, "model": "item/carrot_on_a_stick/handgun_reload"},
        {"predicate": {"custom_model_data": 103}, "model": "item/carrot_on_a_stick/handgun2"},
        {"predicate": {"custom_model_data": 104}, "model": "item/carrot_on_a_stick/handgun_reload2"},
        {"predicate": {"custom_model_data": 105}, "model": "item/carrot_on_a_stick/handgun_ads"},
        {"predicate": {"custom_model_data": 106}, "model": "item/carrot_on_a_stick/handgun2_ads"},
        

        {"predicate": {"custom_model_data": 201}, "model": "item/carrot_on_a_stick/launcher"},
        {"predicate": {"custom_model_data": 202}, "model": "item/carrot_on_a_stick/launcher_reload"},
        {"predicate": {"custom_model_data": 203}, "model": "item/carrot_on_a_stick/launcher2"},
        {"predicate": {"custom_model_data": 204}, "model": "item/carrot_on_a_stick/launcher_reload2"},
        {"predicate": {"custom_model_data": 205}, "model": "item/carrot_on_a_stick/launcher_ads"},
        {"predicate": {"custom_model_data": 206}, "model": "item/carrot_on_a_stick/launcher2_ads"},

        {"predicate": {"custom_model_data": 301}, "model": "item/carrot_on_a_stick/assault_rifle"},
        {"predicate": {"custom_model_data": 302}, "model": "item/carrot_on_a_stick/assault_rifle_r"},
        {"predicate": {"custom_model_data": 303}, "model": "item/carrot_on_a_stick/assault_rifle2"},
        {"predicate": {"custom_model_data": 304}, "model": "item/carrot_on_a_stick/assault_rifle_r2"},
        {"predicate": {"custom_model_data": 305}, "model": "item/carrot_on_a_stick/assault_rifle_ads"},
        {"predicate": {"custom_model_data": 306}, "model": "item/carrot_on_a_stick/assault_rifle2_ads"},

        {"predicate": {"custom_model_data": 401}, "model": "item/carrot_on_a_stick/shotgun"},
        {"predicate": {"custom_model_data": 402}, "model": "item/carrot_on_a_stick/shotgun_reload"},
        {"predicate": {"custom_model_data": 403}, "model": "item/carrot_on_a_stick/shotgun2"},
        {"predicate": {"custom_model_data": 404}, "model": "item/carrot_on_a_stick/shotgun_reload2"},
        {"predicate": {"custom_model_data": 405}, "model": "item/carrot_on_a_stick/shotgun_ads"},
        {"predicate": {"custom_model_data": 406}, "model": "item/carrot_on_a_stick/shotgun2_ads"},

        {"predicate": {"custom_model_data": 501}, "model": "item/carrot_on_a_stick/sniper"},
        {"predicate": {"custom_model_data": 502}, "model": "item/carrot_on_a_stick/sniper_reload"},
        {"predicate": {"custom_model_data": 503}, "model": "item/carrot_on_a_stick/sniper2"},
        {"predicate": {"custom_model_data": 504}, "model": "item/carrot_on_a_stick/sniper_reload2"},
        {"predicate": {"custom_model_data": 505}, "model": "item/carrot_on_a_stick/sniper_ads"},
        {"predicate": {"custom_model_data": 506}, "model": "item/carrot_on_a_stick/sniper2_ads"}
    ]
}
