{
    "parent": "item/generated",
    "textures": {
        "layer0": "item/crossbow_standby"
    },
    "display": {
        "thirdperson_righthand": {
            "rotation": [ -90, 0, -60 ],
            "translation": [ 2, 0.1, -3 ],
            "scale": [ 0.9, 0.9, 0.9 ]
        },
        "thirdperson_lefthand": {
            "rotation": [ -90, 0, 30 ],
            "translation": [ 2, 0.1, -3 ],
            "scale": [ 0.9, 0.9, 0.9 ]
        },
        "firstperson_righthand": {
            "rotation": [ -90, 0, -55 ],
            "translation": [ 1.13, 3.2, 1.13],
            "scale": [ 0.68, 0.68, 0.68 ]
        },
        "firstperson_lefthand": {
            "rotation": [ -90, 0, 35 ],
            "translation": [ 1.13, 3.2, 1.13],
            "scale": [ 0.68, 0.68, 0.68 ]
        }
    },
    "overrides": [

{
            "predicate": {
                "pulling": 1
            },
            "model": "item/crossbow_pulling_0"
        },
        {
            "predicate": {
                "pulling": 1,
                "pull": 0.58
            },
            "model": "item/crossbow_pulling_1"
        },
        {
            "predicate": {
                "pulling": 1,
                "pull": 1.0
            },
            "model": "item/crossbow_pulling_2"
        },
        {
            "predicate": {
                "charged": 1
            },
            "model": "item/crossbow_arrow"
        },
        {
            "predicate": {
                "charged": 1,
                "firework": 1
            },
            "model": "item/crossbow_firework"
        },

        {"predicate": {"custom_model_data": 101}, "model": "item/crossbow/handgun"},
        {"predicate": {"custom_model_data": 102}, "model": "item/crossbow/handgun_reload"},
        {"predicate": {"custom_model_data": 103}, "model": "item/crossbow/handgun2"},
        {"predicate": {"custom_model_data": 104}, "model": "item/crossbow/handgun_reload2"},

        {"predicate": {"custom_model_data": 201}, "model": "item/crossbow/launcher"},
        {"predicate": {"custom_model_data": 202}, "model": "item/crossbow/launcher_reload"},
        {"predicate": {"custom_model_data": 203}, "model": "item/crossbow/launcher2"},
        {"predicate": {"custom_model_data": 204}, "model": "item/crossbow/launcher_reload2"},

        {"predicate": {"custom_model_data": 301}, "model": "item/crossbow/assault_rifle"},
        {"predicate": {"custom_model_data": 302}, "model": "item/crossbow/assault_rifle_r"},
        {"predicate": {"custom_model_data": 303}, "model": "item/crossbow/assault_rifle2"},
        {"predicate": {"custom_model_data": 304}, "model": "item/crossbow/assault_rifle_r2"},

        {"predicate": {"custom_model_data": 401}, "model": "item/crossbow/shotgun"},
        {"predicate": {"custom_model_data": 402}, "model": "item/crossbow/shotgun_reload"},
        {"predicate": {"custom_model_data": 403}, "model": "item/crossbow/shotgun2"},
        {"predicate": {"custom_model_data": 404}, "model": "item/crossbow/shotgun_reload2"},

        {"predicate": {"custom_model_data": 501}, "model": "item/crossbow/sniper"},
        {"predicate": {"custom_model_data": 502}, "model": "item/crossbow/sniper_reload"},
        {"predicate": {"custom_model_data": 503}, "model": "item/crossbow/sniper2"},
        {"predicate": {"custom_model_data": 504}, "model": "item/crossbow/sniper_reload2"}
        
        
        
        
        
    ]
}
