{
	"credit": "Made with Blockbench",
	"textures": {
		"0": "block/gray_concrete",
		"3": "block/anvil_top",
		"particle": "block/gray_concrete"
	},
	"elements": [
		{
			"from": [7.4, 4.40063, 4.79958],
			"to": [8.6, 4.60063, 7.29958],
			"rotation": {"angle": 22.5, "axis": "x", "origin": [8.1, 3.70063, 2.79958]},
			"faces": {
				"north": {"uv": [3, 0, 4, 16], "texture": "#0"},
				"east": {"uv": [3, 0, 4, 16], "texture": "#0"},
				"south": {"uv": [3, 0, 4, 16], "texture": "#0"},
				"west": {"uv": [3, 0, 4, 16], "texture": "#0"},
				"up": {"uv": [3, 0, 4, 16], "texture": "#0"},
				"down": {"uv": [3, 0, 4, 16], "texture": "#0"}
			}
		},
		{
			"from": [7.5, 4.7, 4.8],
			"to": [8.5, 9.7, 7],
			"rotation": {"angle": 22.5, "axis": "x", "origin": [8, 3.5, 2.5]},
			"faces": {
				"north": {"uv": [3, 0, 4, 16], "texture": "#3"},
				"east": {"uv": [3, 0, 4, 16], "texture": "#3"},
				"south": {"uv": [3, 0, 4, 16], "texture": "#3"},
				"west": {"uv": [3, 0, 4, 16], "texture": "#3"},
				"up": {"uv": [3, 0, 4, 16], "texture": "#3"},
				"down": {"uv": [3, 0, 4, 16], "texture": "#3"}
			}
		}
	],
	"gui_light": "front",
	"overrides": [
		{
			"predicate": {
				"pulling": 1
			},
			"model": "item/crossbow_pulling_0"
		},
		{
			"predicate": {
				"pulling": 1,
				"pull": 0.58
			},
			"model": "item/crossbow_pulling_1"
		},
		{
			"predicate": {
				"pulling": 1,
				"pull": 1
			},
			"model": "item/crossbow_pulling_2"
		},
		{
			"predicate": {
				"charged": 1
			},
			"model": "item/crossbow_arrow"
		},
		{
			"predicate": {
				"charged": 1,
				"firework": 1
			},
			"model": "item/crossbow_firework"
		}
	],
	"display": {
		"thirdperson_righthand": {
			"rotation": [0, 180, 0],
			"translation": [0.25, 2.25, 0],
			"scale": [0.8, 0.8, 0.8]
		},
		"thirdperson_lefthand": {
			"rotation": [0, 180, 0],
			"translation": [0.25, 1.75, 1],
			"scale": [0.8, 0.8, 0.8]
		},
		"firstperson_righthand": {
			"rotation": [0, -180, 0],
			"translation": [1.25, 5.75, -0.5]
		},
		"firstperson_lefthand": {
			"rotation": [-4, -180, 0],
			"translation": [1, 6.25, 0]
		},
		"ground": {
			"rotation": [0, 0, 78],
			"translation": [0, -2.25, 0]
		},
		"gui": {
			"rotation": [41, -136, 7],
			"translation": [-1.75, 4.5, -0.75],
			"scale": [2, 2, 2]
		},
		"fixed": {
			"rotation": [0, 90, 0],
			"translation": [1.75, 3.25, -0.75],
			"scale": [1.5, 1.5, 1.5]
		}
	}
}