{
	"credit": "Made with Blockbench",
	"textures": {
		"0": "block/gray_concrete",
		"1": "block/dark_oak_planks",
		"2": "block/black_concrete",
		"3": "block/anvil_top",
		"4": "block/iron_block",
		"particle": "block/gray_concrete"
	},
	"elements": [
		{
			"from": [7.6, 2.9, 2.1],
			"to": [8.4, 3.1, 4],
			"rotation": {"angle": 22.5, "axis": "x", "origin": [8, 3.5, 2.5]},
			"faces": {
				"north": {"uv": [3, 0, 4, 16], "texture": "#0"},
				"east": {"uv": [3, 0, 4, 16], "texture": "#0"},
				"south": {"uv": [3, 0, 4, 16], "texture": "#0"},
				"west": {"uv": [3, 0, 4, 16], "texture": "#0"},
				"up": {"uv": [3, 0, 4, 16], "texture": "#0"},
				"down": {"uv": [3, 0, 4, 16], "texture": "#0"}
			}
		},
		{
			"from": [7.25, 3.2, 2.25],
			"to": [8.75, 8.2, 4.05],
			"rotation": {"angle": 22.5, "axis": "x", "origin": [7.75, 3.7, 2.75]},
			"faces": {
				"north": {"uv": [0, 0, 16, 16], "texture": "#1"},
				"east": {"uv": [0, 0, 16, 16], "texture": "#1"},
				"south": {"uv": [0, 0, 1, 1], "texture": "#1"},
				"west": {"uv": [0, 0, 16, 16], "texture": "#1"},
				"up": {"uv": [0, 0, 1, 1], "texture": "#1"},
				"down": {"uv": [0, 0, 1, 1], "texture": "#1"}
			}
		},
		{
			"from": [7.1, 7.3, 3.5],
			"to": [8.9, 8.8, 12.4],
			"rotation": {"angle": 0, "axis": "y", "origin": [7.7, 7.8, 4]},
			"faces": {
				"north": {"uv": [3, 0, 4, 16], "texture": "#3"},
				"east": {"uv": [3, 0, 4, 16], "texture": "#3"},
				"south": {"uv": [3, 0, 4, 16], "texture": "#3"},
				"west": {"uv": [3, 0, 4, 16], "texture": "#3"},
				"up": {"uv": [3, 0, 4, 16], "texture": "#3"},
				"down": {"uv": [3, 0, 4, 16], "texture": "#3"}
			}
		},
		{
			"from": [8.8, 6.95, 5.8],
			"to": [9, 7.05, 6.5],
			"rotation": {"angle": 0, "axis": "y", "origin": [7.8, 7.35, 4]},
			"faces": {
				"north": {"uv": [3, 0, 4, 16], "texture": "#2"},
				"east": {"uv": [3, 0, 4, 16], "texture": "#2"},
				"south": {"uv": [3, 0, 4, 16], "texture": "#2"},
				"west": {"uv": [3, 0, 4, 16], "texture": "#2"},
				"up": {"uv": [3, 0, 4, 16], "texture": "#2"},
				"down": {"uv": [3, 0, 4, 16], "texture": "#2"}
			}
		},
		{
			"from": [7.6, 5.7, 4.25],
			"to": [8.4, 6, 7.15],
			"rotation": {"angle": 0, "axis": "y", "origin": [8, 5.85, 5.75]},
			"faces": {
				"north": {"uv": [3, 0, 4, 16], "texture": "#3"},
				"east": {"uv": [3, 0, 4, 16], "texture": "#3"},
				"south": {"uv": [3, 0, 4, 16], "texture": "#3"},
				"west": {"uv": [3, 0, 4, 16], "texture": "#3"},
				"up": {"uv": [3, 0, 4, 16], "texture": "#3"},
				"down": {"uv": [3, 0, 4, 16], "texture": "#3"}
			}
		},
		{
			"from": [7.6, 4.97, 6.55],
			"to": [8.4, 5.1, 7.05],
			"rotation": {"angle": -45, "axis": "x", "origin": [8, 5.95, 5.7]},
			"faces": {
				"north": {"uv": [3, 0, 4, 16], "texture": "#3"},
				"east": {"uv": [3, 0, 4, 16], "texture": "#3"},
				"south": {"uv": [3, 0, 4, 16], "texture": "#3"},
				"west": {"uv": [3, 0, 4, 16], "texture": "#3"},
				"up": {"uv": [3, 0, 4, 16], "texture": "#3"},
				"down": {"uv": [3, 0, 4, 16], "texture": "#3"}
			}
		},
		{
			"from": [7.6, 6.11924, 6.26213],
			"to": [8.4, 6.41924, 6.76213],
			"rotation": {"angle": 45, "axis": "x", "origin": [8, 6.86924, 5.91213]},
			"faces": {
				"north": {"uv": [3, 0, 4, 16], "texture": "#3"},
				"east": {"uv": [3, 0, 4, 16], "texture": "#3"},
				"south": {"uv": [3, 0, 4, 16], "texture": "#3"},
				"west": {"uv": [3, 0, 4, 16], "texture": "#3"},
				"up": {"uv": [3, 0, 4, 16], "texture": "#3"},
				"down": {"uv": [3, 0, 4, 16], "texture": "#3"}
			}
		},
		{
			"from": [7.6, 5.7, 5.45],
			"to": [8.4, 7.7, 5.95],
			"rotation": {"angle": 0, "axis": "y", "origin": [8.1, 7.2, 5.6]},
			"faces": {
				"north": {"uv": [3, 0, 4, 16], "texture": "#3"},
				"east": {"uv": [3, 0, 4, 16], "texture": "#3"},
				"south": {"uv": [3, 0, 4, 16], "texture": "#3"},
				"west": {"uv": [3, 0, 4, 16], "texture": "#3"},
				"up": {"uv": [3, 0, 4, 16], "texture": "#3"},
				"down": {"uv": [3, 0, 4, 16], "texture": "#3"}
			}
		},
		{
			"from": [7.6, 6.51924, 7.03492],
			"to": [8.4, 7.11924, 7.23492],
			"rotation": {"angle": -22.5, "axis": "x", "origin": [8, 6.86924, 7.18492]},
			"faces": {
				"north": {"uv": [3, 0, 4, 16], "texture": "#3"},
				"east": {"uv": [3, 0, 4, 16], "texture": "#3"},
				"south": {"uv": [3, 0, 4, 16], "texture": "#3"},
				"west": {"uv": [3, 0, 4, 16], "texture": "#3"},
				"up": {"uv": [3, 0, 4, 16], "texture": "#3"},
				"down": {"uv": [3, 0, 4, 16], "texture": "#3"}
			}
		},
		{
			"from": [7.6, 6.2, 6.25],
			"to": [8.4, 6.7, 6.75],
			"rotation": {"angle": -45, "axis": "x", "origin": [8, 5.95, 5.7]},
			"faces": {
				"north": {"uv": [3, 0, 4, 16], "texture": "#3"},
				"east": {"uv": [3, 0, 4, 16], "texture": "#3"},
				"south": {"uv": [3, 0, 4, 16], "texture": "#3"},
				"west": {"uv": [3, 0, 4, 16], "texture": "#3"},
				"up": {"uv": [3, 0, 4, 16], "texture": "#3"},
				"down": {"uv": [3, 0, 4, 16], "texture": "#3"}
			}
		},
		{
			"from": [7.6, 6.2, 7.15],
			"to": [8.4, 6.6, 7.35],
			"rotation": {"angle": 0, "axis": "y", "origin": [8.1, 7.2, 5.6]},
			"faces": {
				"north": {"uv": [3, 0, 4, 16], "texture": "#3"},
				"east": {"uv": [3, 0, 4, 16], "texture": "#3"},
				"south": {"uv": [3, 0, 4, 16], "texture": "#3"},
				"west": {"uv": [3, 0, 4, 16], "texture": "#3"},
				"up": {"uv": [3, 0, 4, 16], "texture": "#3"},
				"down": {"uv": [3, 0, 4, 16], "texture": "#3"}
			}
		},
		{
			"from": [7.6, 7.5, 12.2],
			"to": [8.4, 8.6, 12.5],
			"rotation": {"angle": 0, "axis": "y", "origin": [7.7, 7.8, 4]},
			"faces": {
				"north": {"uv": [3, 0, 4, 16], "texture": "#2"},
				"east": {"uv": [3, 0, 4, 16], "texture": "#2"},
				"south": {"uv": [3, 0, 4, 16], "texture": "#2"},
				"west": {"uv": [3, 0, 4, 16], "texture": "#2"},
				"up": {"uv": [3, 0, 4, 16], "texture": "#2"},
				"down": {"uv": [3, 0, 4, 16], "texture": "#2"}
			}
		},
		{
			"from": [7.2, 7.25, 2.8],
			"to": [8.8, 7.65, 4.1],
			"rotation": {"angle": 0, "axis": "y", "origin": [7.8, 7.35, 4]},
			"faces": {
				"north": {"uv": [3, 0, 4, 16], "texture": "#3"},
				"east": {"uv": [3, 0, 4, 16], "texture": "#3"},
				"south": {"uv": [3, 0, 4, 16], "texture": "#3"},
				"west": {"uv": [3, 0, 4, 16], "texture": "#3"},
				"up": {"uv": [3, 0, 4, 16], "texture": "#3"},
				"down": {"uv": [3, 0, 4, 16], "texture": "#3"}
			}
		},
		{
			"from": [8.4, 7.64301, 4.23649],
			"to": [8.8, 9.14301, 4.73649],
			"rotation": {"angle": 0, "axis": "x", "origin": [8, 8.34301, 3.78649]},
			"faces": {
				"north": {"uv": [3, 0, 4, 16], "rotation": 180, "texture": "#3"},
				"east": {"uv": [3, 0, 4, 16], "rotation": 270, "texture": "#3"},
				"south": {"uv": [3, 0, 4, 16], "texture": "#3"},
				"west": {"uv": [3, 0, 4, 16], "rotation": 90, "texture": "#3"},
				"up": {"uv": [3, 0, 4, 16], "rotation": 180, "texture": "#3"},
				"down": {"uv": [3, 0, 4, 16], "texture": "#3"}
			}
		},
		{
			"from": [7.3, 7.64301, 4.23649],
			"to": [7.7, 9.14301, 4.73649],
			"rotation": {"angle": 0, "axis": "y", "origin": [8, 8.34301, 3.78649]},
			"faces": {
				"north": {"uv": [3, 0, 4, 16], "rotation": 180, "texture": "#3"},
				"east": {"uv": [3, 0, 4, 16], "rotation": 270, "texture": "#3"},
				"south": {"uv": [3, 0, 4, 16], "texture": "#3"},
				"west": {"uv": [3, 0, 4, 16], "rotation": 90, "texture": "#3"},
				"up": {"uv": [3, 0, 4, 16], "rotation": 180, "texture": "#3"},
				"down": {"uv": [3, 0, 4, 16], "texture": "#3"}
			}
		},
		{
			"from": [7.6, 8.74301, 4.23649],
			"to": [8.5, 8.89301, 4.73649],
			"rotation": {"angle": 0, "axis": "y", "origin": [8, 8.34301, 3.78649]},
			"faces": {
				"north": {"uv": [3, 0, 4, 16], "rotation": 180, "texture": "#3"},
				"east": {"uv": [3, 0, 4, 16], "rotation": 270, "texture": "#3"},
				"south": {"uv": [3, 0, 4, 16], "texture": "#3"},
				"west": {"uv": [3, 0, 4, 16], "rotation": 90, "texture": "#3"},
				"up": {"uv": [3, 0, 4, 16], "rotation": 180, "texture": "#3"},
				"down": {"uv": [3, 0, 4, 16], "texture": "#3"}
			}
		},
		{
			"from": [7, 7.54301, 5.03649],
			"to": [9, 8.74301, 5.13649],
			"rotation": {"angle": 0, "axis": "y", "origin": [8, 8.34301, 3.78649]},
			"faces": {
				"north": {"uv": [3, 0, 4, 16], "rotation": 180, "texture": "#0"},
				"east": {"uv": [3, 0, 4, 16], "rotation": 180, "texture": "#0"},
				"south": {"uv": [3, 0, 4, 16], "rotation": 180, "texture": "#0"},
				"west": {"uv": [3, 0, 4, 16], "rotation": 180, "texture": "#0"},
				"up": {"uv": [3, 0, 4, 16], "rotation": 180, "texture": "#0"},
				"down": {"uv": [3, 0, 4, 16], "rotation": 180, "texture": "#0"}
			}
		},
		{
			"from": [7, 7.54301, 5.23649],
			"to": [9, 8.74301, 5.33649],
			"rotation": {"angle": 0, "axis": "y", "origin": [8, 8.34301, 3.78649]},
			"faces": {
				"north": {"uv": [3, 0, 4, 16], "rotation": 180, "texture": "#0"},
				"east": {"uv": [3, 0, 4, 16], "rotation": 180, "texture": "#0"},
				"south": {"uv": [3, 0, 4, 16], "rotation": 180, "texture": "#0"},
				"west": {"uv": [3, 0, 4, 16], "rotation": 180, "texture": "#0"},
				"up": {"uv": [3, 0, 4, 16], "rotation": 180, "texture": "#0"},
				"down": {"uv": [3, 0, 4, 16], "rotation": 180, "texture": "#0"}
			}
		},
		{
			"from": [7, 7.54301, 5.43649],
			"to": [9, 8.74301, 5.53649],
			"rotation": {"angle": 0, "axis": "y", "origin": [8, 8.34301, 3.78649]},
			"faces": {
				"north": {"uv": [3, 0, 4, 16], "rotation": 180, "texture": "#0"},
				"east": {"uv": [3, 0, 4, 16], "rotation": 180, "texture": "#0"},
				"south": {"uv": [3, 0, 4, 16], "rotation": 180, "texture": "#0"},
				"west": {"uv": [3, 0, 4, 16], "rotation": 180, "texture": "#0"},
				"up": {"uv": [3, 0, 4, 16], "rotation": 180, "texture": "#0"},
				"down": {"uv": [3, 0, 4, 16], "rotation": 180, "texture": "#0"}
			}
		},
		{
			"from": [7, 7.54301, 5.63649],
			"to": [9, 8.74301, 5.73649],
			"rotation": {"angle": 0, "axis": "y", "origin": [8, 8.34301, 3.78649]},
			"faces": {
				"north": {"uv": [3, 0, 4, 16], "rotation": 180, "texture": "#0"},
				"east": {"uv": [3, 0, 4, 16], "rotation": 180, "texture": "#0"},
				"south": {"uv": [3, 0, 4, 16], "rotation": 180, "texture": "#0"},
				"west": {"uv": [3, 0, 4, 16], "rotation": 180, "texture": "#0"},
				"up": {"uv": [3, 0, 4, 16], "rotation": 180, "texture": "#0"},
				"down": {"uv": [3, 0, 4, 16], "rotation": 180, "texture": "#0"}
			}
		},
		{
			"from": [7, 7.54301, 5.83649],
			"to": [9, 8.74301, 5.93649],
			"rotation": {"angle": 0, "axis": "y", "origin": [8, 8.34301, 3.78649]},
			"faces": {
				"north": {"uv": [3, 0, 4, 16], "rotation": 180, "texture": "#0"},
				"east": {"uv": [3, 0, 4, 16], "rotation": 180, "texture": "#0"},
				"south": {"uv": [3, 0, 4, 16], "rotation": 180, "texture": "#0"},
				"west": {"uv": [3, 0, 4, 16], "rotation": 180, "texture": "#0"},
				"up": {"uv": [3, 0, 4, 16], "rotation": 180, "texture": "#0"},
				"down": {"uv": [3, 0, 4, 16], "rotation": 180, "texture": "#0"}
			}
		},
		{
			"from": [7, 7.54301, 6.03649],
			"to": [9, 8.74301, 6.13649],
			"rotation": {"angle": 0, "axis": "y", "origin": [8, 8.34301, 3.78649]},
			"faces": {
				"north": {"uv": [3, 0, 4, 16], "rotation": 180, "texture": "#0"},
				"east": {"uv": [3, 0, 4, 16], "rotation": 180, "texture": "#0"},
				"south": {"uv": [3, 0, 4, 16], "rotation": 180, "texture": "#0"},
				"west": {"uv": [3, 0, 4, 16], "rotation": 180, "texture": "#0"},
				"up": {"uv": [3, 0, 4, 16], "rotation": 180, "texture": "#0"},
				"down": {"uv": [3, 0, 4, 16], "rotation": 180, "texture": "#0"}
			}
		},
		{
			"from": [7, 7.54301, 6.23649],
			"to": [9, 8.74301, 6.33649],
			"rotation": {"angle": 0, "axis": "y", "origin": [8, 8.34301, 3.78649]},
			"faces": {
				"north": {"uv": [3, 0, 4, 16], "rotation": 180, "texture": "#0"},
				"east": {"uv": [3, 0, 4, 16], "rotation": 180, "texture": "#0"},
				"south": {"uv": [3, 0, 4, 16], "rotation": 180, "texture": "#0"},
				"west": {"uv": [3, 0, 4, 16], "rotation": 180, "texture": "#0"},
				"up": {"uv": [3, 0, 4, 16], "rotation": 180, "texture": "#0"},
				"down": {"uv": [3, 0, 4, 16], "rotation": 180, "texture": "#0"}
			}
		},
		{
			"from": [7, 7.54301, 6.43649],
			"to": [9, 8.74301, 6.53649],
			"rotation": {"angle": 0, "axis": "y", "origin": [8, 8.34301, 3.78649]},
			"faces": {
				"north": {"uv": [3, 0, 4, 16], "rotation": 180, "texture": "#0"},
				"east": {"uv": [3, 0, 4, 16], "rotation": 180, "texture": "#0"},
				"south": {"uv": [3, 0, 4, 16], "rotation": 180, "texture": "#0"},
				"west": {"uv": [3, 0, 4, 16], "rotation": 180, "texture": "#0"},
				"up": {"uv": [3, 0, 4, 16], "rotation": 180, "texture": "#0"},
				"down": {"uv": [3, 0, 4, 16], "rotation": 180, "texture": "#0"}
			}
		},
		{
			"from": [7, 7.54301, 6.63649],
			"to": [9, 8.74301, 6.73649],
			"rotation": {"angle": 0, "axis": "y", "origin": [8, 8.34301, 3.78649]},
			"faces": {
				"north": {"uv": [3, 0, 4, 16], "rotation": 180, "texture": "#0"},
				"east": {"uv": [3, 0, 4, 16], "rotation": 180, "texture": "#0"},
				"south": {"uv": [3, 0, 4, 16], "rotation": 180, "texture": "#0"},
				"west": {"uv": [3, 0, 4, 16], "rotation": 180, "texture": "#0"},
				"up": {"uv": [3, 0, 4, 16], "rotation": 180, "texture": "#0"},
				"down": {"uv": [3, 0, 4, 16], "rotation": 180, "texture": "#0"}
			}
		},
		{
			"from": [7.2, 6.85, 3.5],
			"to": [8.8, 7.35, 12.1],
			"rotation": {"angle": 0, "axis": "y", "origin": [7.8, 7.35, 4]},
			"faces": {
				"north": {"uv": [3, 0, 4, 16], "texture": "#3"},
				"east": {"uv": [3, 0, 4, 16], "texture": "#3"},
				"south": {"uv": [3, 0, 4, 16], "texture": "#3"},
				"west": {"uv": [3, 0, 4, 16], "texture": "#3"},
				"up": {"uv": [3, 0, 4, 16], "texture": "#3"},
				"down": {"uv": [3, 0, 4, 16], "texture": "#3"}
			}
		},
		{
			"from": [8.8, 6.95, 6.5],
			"to": [8.9, 7.15, 6.7],
			"rotation": {"angle": 0, "axis": "y", "origin": [7.8, 7.35, 4]},
			"faces": {
				"north": {"uv": [3, 0, 4, 16], "texture": "#0"},
				"east": {"uv": [3, 0, 4, 16], "texture": "#0"},
				"south": {"uv": [3, 0, 4, 16], "texture": "#0"},
				"west": {"uv": [3, 0, 4, 16], "texture": "#0"},
				"up": {"uv": [3, 0, 4, 16], "texture": "#0"},
				"down": {"uv": [3, 0, 4, 16], "texture": "#0"}
			}
		},
		{
			"from": [8.8, 6.95, 5.8],
			"to": [8.9, 7.15, 6.5],
			"rotation": {"angle": 0, "axis": "y", "origin": [7.8, 7.35, 4]},
			"faces": {
				"north": {"uv": [3, 0, 4, 16], "texture": "#2"},
				"east": {"uv": [3, 0, 4, 16], "texture": "#2"},
				"south": {"uv": [3, 0, 4, 16], "texture": "#2"},
				"west": {"uv": [3, 0, 4, 16], "texture": "#2"},
				"up": {"uv": [3, 0, 4, 16], "texture": "#2"},
				"down": {"uv": [3, 0, 4, 16], "texture": "#2"}
			}
		},
		{
			"from": [7.15, 3.6, 2.95],
			"to": [8.85, 4, 3.35],
			"rotation": {"angle": 22.5, "axis": "x", "origin": [7.75, 3.7, 2.75]},
			"faces": {
				"north": {"uv": [0, 0, 16, 16], "texture": "#4"},
				"east": {"uv": [0, 0, 16, 16], "texture": "#4"},
				"south": {"uv": [0, 0, 16, 16], "texture": "#4"},
				"west": {"uv": [0, 0, 16, 16], "texture": "#4"},
				"up": {"uv": [0, 0, 16, 16], "texture": "#4"},
				"down": {"uv": [0, 0, 16, 16], "texture": "#4"}
			}
		},
		{
			"from": [7.15, 6.4, 2.95],
			"to": [8.85, 6.8, 3.35],
			"rotation": {"angle": 22.5, "axis": "x", "origin": [7.75, 3.7, 2.75]},
			"faces": {
				"north": {"uv": [0, 0, 16, 16], "texture": "#4"},
				"east": {"uv": [0, 0, 16, 16], "texture": "#4"},
				"south": {"uv": [0, 0, 16, 16], "texture": "#4"},
				"west": {"uv": [0, 0, 16, 16], "texture": "#4"},
				"up": {"uv": [0, 0, 16, 16], "texture": "#4"},
				"down": {"uv": [0, 0, 16, 16], "texture": "#4"}
			}
		},
		{
			"from": [7.5, 3, 2],
			"to": [8.5, 8, 4.2],
			"rotation": {"angle": 22.5, "axis": "x", "origin": [8, 3.5, 2.5]},
			"faces": {
				"north": {"uv": [3, 0, 4, 16], "texture": "#3"},
				"east": {"uv": [3, 0, 4, 16], "texture": "#3"},
				"south": {"uv": [3, 0, 4, 16], "texture": "#3"},
				"west": {"uv": [3, 0, 4, 16], "texture": "#3"},
				"up": {"uv": [3, 0, 4, 16], "texture": "#3"},
				"down": {"uv": [3, 0, 4, 16], "texture": "#3"}
			}
		}
	],
	"gui_light": "front",
	"overrides": [
		{
			"predicate": {
				"pulling": 1
			},
			"model": "item/crossbow_pulling_0"
		},
		{
			"predicate": {
				"pulling": 1,
				"pull": 0.58
			},
			"model": "item/crossbow_pulling_1"
		},
		{
			"predicate": {
				"pulling": 1,
				"pull": 1
			},
			"model": "item/crossbow_pulling_2"
		},
		{
			"predicate": {
				"charged": 1
			},
			"model": "item/crossbow_arrow"
		},
		{
			"predicate": {
				"charged": 1,
				"firework": 1
			},
			"model": "item/crossbow_firework"
		}
	],
	"display": {
		"thirdperson_righthand": {
			"rotation": [0, 180, 0],
			"translation": [0.25, 2.25, -2.25],
			"scale": [0.8, 0.8, 0.8]
		},
		"thirdperson_lefthand": {
			"rotation": [0, 180, 0],
			"translation": [0.25, 1.75, -2.5],
			"scale": [0.8, 0.8, 0.8]
		},
		"firstperson_righthand": {
			"rotation": [-31, -122, 0],
			"translation": [-5, 4, 0.25]
		},
		"firstperson_lefthand": {
			"rotation": [-31, -122, 0],
			"translation": [-3.75, 4, 0.25]
		},
		"ground": {
			"rotation": [0, 0, 78],
			"translation": [0, -2.25, 0]
		},
		"gui": {
			"rotation": [24, -126, 7],
			"translation": [-0.75, 3.25, -0.75],
			"scale": [1.5, 1.5, 1.5]
		},
		"fixed": {
			"rotation": [0, 90, 0],
			"translation": [1.75, 3.25, -0.75],
			"scale": [1.5, 1.5, 1.5]
		}
	}
}