{
	"credit": "Made with Blockbench",
	"textures": {
		"0": "block/iron_block",
		"1": "block/green_terracotta",
		"particle": "block/iron_block"
	},
	"elements": [
		{
			"from": [6.10729, 1.83033, 8.39376],
			"to": [7.20729, 3.83033, 8.79376],
			"rotation": {"angle": -45, "axis": "y", "origin": [8.35729, 2.83033, 6.59376]},
			"faces": {
				"north": {"uv": [12, 12, 12, 13], "rotation": 270, "texture": "#1"},
				"east": {"uv": [12, 12, 12, 13], "rotation": 270, "texture": "#1"},
				"south": {"uv": [12, 12, 12, 13], "rotation": 270, "texture": "#1"},
				"west": {"uv": [12, 12, 12, 13], "rotation": 270, "texture": "#1"},
				"up": {"uv": [12, 12, 12, 13], "rotation": 270, "texture": "#1"},
				"down": {"uv": [12, 12, 12, 13], "rotation": 270, "texture": "#1"}
			}
		},
		{
			"from": [6, 0, 7],
			"to": [8, 0.3, 9],
			"faces": {
				"north": {"uv": [12, 12, 12, 12.3], "rotation": 180, "texture": "#1"},
				"east": {"uv": [12, 12, 12, 13], "rotation": 270, "texture": "#1"},
				"south": {"uv": [12, 12, 12, 13], "rotation": 270, "texture": "#1"},
				"west": {"uv": [12, 12, 12, 13], "rotation": 270, "texture": "#1"},
				"up": {"uv": [12, 12, 12, 13], "rotation": 270, "texture": "#1"},
				"down": {"uv": [12, 12, 12, 13], "rotation": 270, "texture": "#1"}
			}
		},
		{
			"from": [6, -0.16967, 6.64896],
			"to": [8, 1.83033, 6.94896],
			"rotation": {"angle": -22.5, "axis": "x", "origin": [7, 0.83033, 6.39896]},
			"faces": {
				"north": {"uv": [12, 12, 12, 13], "texture": "#1"},
				"east": {"uv": [12, 12, 12, 13], "rotation": 270, "texture": "#1"},
				"south": {"uv": [12, 12, 12, 13], "rotation": 270, "texture": "#1"},
				"west": {"uv": [12, 12, 12, 13], "rotation": 270, "texture": "#1"},
				"up": {"uv": [12, 12, 12, 13], "rotation": 270, "texture": "#1"},
				"down": {"uv": [12, 12, 12, 13], "rotation": 270, "texture": "#1"}
			}
		},
		{
			"from": [6, 0.22531, 9.35105],
			"to": [8, 2.22531, 9.65105],
			"rotation": {"angle": 22.5, "axis": "x", "origin": [7, 1.82531, 8.80105]},
			"faces": {
				"north": {"uv": [12, 12, 12, 13], "texture": "#1"},
				"east": {"uv": [12, 12, 12, 13], "rotation": 270, "texture": "#1"},
				"south": {"uv": [12, 12, 12, 13], "rotation": 270, "texture": "#1"},
				"west": {"uv": [12, 12, 12, 13], "rotation": 270, "texture": "#1"},
				"up": {"uv": [12, 12, 12, 13], "rotation": 270, "texture": "#1"},
				"down": {"uv": [12, 12, 12, 13], "rotation": 270, "texture": "#1"}
			}
		},
		{
			"from": [5.5, 1.83033, 6.24896],
			"to": [8.3, 3.83033, 6.54896],
			"rotation": {"angle": 0, "axis": "x", "origin": [7, 0.83033, 6.39896]},
			"faces": {
				"north": {"uv": [12, 12, 12.8, 13], "texture": "#1"},
				"east": {"uv": [12, 12, 12, 13], "rotation": 270, "texture": "#1"},
				"south": {"uv": [12, 12, 12, 13], "rotation": 270, "texture": "#1"},
				"west": {"uv": [12, 12, 12, 13], "rotation": 270, "texture": "#1"},
				"up": {"uv": [12, 12, 12, 13], "rotation": 270, "texture": "#1"},
				"down": {"uv": [12, 12, 12, 13], "rotation": 270, "texture": "#1"}
			}
		},
		{
			"from": [7.7, 3.13033, 6.04896],
			"to": [8.2, 3.63033, 6.34896],
			"rotation": {"angle": 0, "axis": "y", "origin": [7, 0.83033, 6.39896]},
			"faces": {
				"north": {"uv": [11, 12, 11.5, 12.5], "texture": "#1"},
				"east": {"uv": [12, 12, 12, 13], "rotation": 270, "texture": "#1"},
				"south": {"uv": [12, 12, 12, 13], "rotation": 270, "texture": "#1"},
				"west": {"uv": [12, 12, 12, 13], "rotation": 270, "texture": "#1"},
				"up": {"uv": [12, 12, 12, 13], "rotation": 270, "texture": "#1"},
				"down": {"uv": [12, 12, 12, 13], "rotation": 270, "texture": "#1"}
			}
		},
		{
			"from": [7, 3.13033, 6.04896],
			"to": [7.5, 3.63033, 6.34896],
			"rotation": {"angle": 0, "axis": "y", "origin": [7, 0.83033, 6.39896]},
			"faces": {
				"north": {"uv": [11, 12, 11.5, 12.5], "texture": "#1"},
				"east": {"uv": [12, 12, 12, 13], "rotation": 270, "texture": "#1"},
				"south": {"uv": [12, 12, 12, 13], "rotation": 270, "texture": "#1"},
				"west": {"uv": [12, 12, 12, 13], "rotation": 270, "texture": "#1"},
				"up": {"uv": [12, 12, 12, 13], "rotation": 270, "texture": "#1"},
				"down": {"uv": [12, 12, 12, 13], "rotation": 270, "texture": "#1"}
			}
		},
		{
			"from": [5.6, 3.13033, 6.04896],
			"to": [6.1, 3.63033, 6.34896],
			"rotation": {"angle": 0, "axis": "y", "origin": [7, 0.83033, 6.39896]},
			"faces": {
				"north": {"uv": [11, 12, 11.5, 12.5], "texture": "#1"},
				"east": {"uv": [12, 12, 12, 13], "rotation": 270, "texture": "#1"},
				"south": {"uv": [12, 12, 12, 13], "rotation": 270, "texture": "#1"},
				"west": {"uv": [12, 12, 12, 13], "rotation": 270, "texture": "#1"},
				"up": {"uv": [12, 12, 12, 13], "rotation": 270, "texture": "#1"},
				"down": {"uv": [12, 12, 12, 13], "rotation": 270, "texture": "#1"}
			}
		},
		{
			"from": [5, 3.13033, 6.74896],
			"to": [5.3, 3.63033, 7.24896],
			"rotation": {"angle": 0, "axis": "y", "origin": [7, 0.83033, 6.39896]},
			"faces": {
				"north": {"uv": [11, 12, 11.3, 12.5], "texture": "#1"},
				"east": {"uv": [12, 12, 12, 13], "rotation": 270, "texture": "#1"},
				"south": {"uv": [12, 12, 12, 13], "rotation": 270, "texture": "#1"},
				"west": {"uv": [12, 12, 12, 13], "rotation": 270, "texture": "#1"},
				"up": {"uv": [12, 12, 12, 13], "rotation": 270, "texture": "#1"},
				"down": {"uv": [12, 12, 12, 13], "rotation": 270, "texture": "#1"}
			}
		},
		{
			"from": [5, 3.13033, 7.44896],
			"to": [5.3, 3.63033, 7.94896],
			"rotation": {"angle": 0, "axis": "y", "origin": [7, 0.83033, 6.39896]},
			"faces": {
				"north": {"uv": [11, 12, 11.3, 12.5], "texture": "#1"},
				"east": {"uv": [12, 12, 12, 13], "rotation": 270, "texture": "#1"},
				"south": {"uv": [12, 12, 12, 13], "rotation": 270, "texture": "#1"},
				"west": {"uv": [12, 12, 12, 13], "rotation": 270, "texture": "#1"},
				"up": {"uv": [12, 12, 12, 13], "rotation": 270, "texture": "#1"},
				"down": {"uv": [12, 12, 12, 13], "rotation": 270, "texture": "#1"}
			}
		},
		{
			"from": [7.7, 2.53033, 6.04896],
			"to": [8.2, 3.03033, 6.34896],
			"rotation": {"angle": 0, "axis": "y", "origin": [7, 0.83033, 6.39896]},
			"faces": {
				"north": {"uv": [11, 12, 11.5, 12.5], "texture": "#1"},
				"east": {"uv": [12, 12, 12, 13], "rotation": 270, "texture": "#1"},
				"south": {"uv": [12, 12, 12, 13], "rotation": 270, "texture": "#1"},
				"west": {"uv": [12, 12, 12, 13], "rotation": 270, "texture": "#1"},
				"up": {"uv": [12, 12, 12, 13], "rotation": 270, "texture": "#1"},
				"down": {"uv": [12, 12, 12, 13], "rotation": 270, "texture": "#1"}
			}
		},
		{
			"from": [7, 2.53033, 6.04896],
			"to": [7.5, 3.03033, 6.34896],
			"rotation": {"angle": 0, "axis": "y", "origin": [7, 0.83033, 6.39896]},
			"faces": {
				"north": {"uv": [11, 12, 11.5, 12.5], "texture": "#1"},
				"east": {"uv": [12, 12, 12, 13], "rotation": 270, "texture": "#1"},
				"south": {"uv": [12, 12, 12, 13], "rotation": 270, "texture": "#1"},
				"west": {"uv": [12, 12, 12, 13], "rotation": 270, "texture": "#1"},
				"up": {"uv": [12, 12, 12, 13], "rotation": 270, "texture": "#1"},
				"down": {"uv": [12, 12, 12, 13], "rotation": 270, "texture": "#1"}
			}
		},
		{
			"from": [6.3, 2.53033, 6.04896],
			"to": [6.8, 3.03033, 6.34896],
			"rotation": {"angle": 0, "axis": "y", "origin": [7, 0.83033, 6.39896]},
			"faces": {
				"north": {"uv": [11, 12, 11.5, 12.5], "texture": "#1"},
				"east": {"uv": [12, 12, 12, 13], "rotation": 270, "texture": "#1"},
				"south": {"uv": [12, 12, 12, 13], "rotation": 270, "texture": "#1"},
				"west": {"uv": [12, 12, 12, 13], "rotation": 270, "texture": "#1"},
				"up": {"uv": [12, 12, 12, 13], "rotation": 270, "texture": "#1"},
				"down": {"uv": [12, 12, 12, 13], "rotation": 270, "texture": "#1"}
			}
		},
		{
			"from": [5, 3.13033, 8.04896],
			"to": [5.3, 3.63033, 8.54896],
			"rotation": {"angle": 0, "axis": "y", "origin": [7, 0.83033, 6.39896]},
			"faces": {
				"north": {"uv": [11, 12, 11.3, 12.5], "texture": "#1"},
				"east": {"uv": [12, 12, 12, 13], "rotation": 270, "texture": "#1"},
				"south": {"uv": [12, 12, 12, 13], "rotation": 270, "texture": "#1"},
				"west": {"uv": [12, 12, 12, 13], "rotation": 270, "texture": "#1"},
				"up": {"uv": [12, 12, 12, 13], "rotation": 270, "texture": "#1"},
				"down": {"uv": [12, 12, 12, 13], "rotation": 270, "texture": "#1"}
			}
		},
		{
			"from": [5, 3.13033, 8.74896],
			"to": [5.3, 3.63033, 9.24896],
			"rotation": {"angle": 0, "axis": "y", "origin": [7, 0.83033, 6.39896]},
			"faces": {
				"north": {"uv": [11, 12, 11.3, 12.5], "texture": "#1"},
				"east": {"uv": [12, 12, 12, 13], "rotation": 270, "texture": "#1"},
				"south": {"uv": [12, 12, 12, 13], "rotation": 270, "texture": "#1"},
				"west": {"uv": [12, 12, 12, 13], "rotation": 270, "texture": "#1"},
				"up": {"uv": [12, 12, 12, 13], "rotation": 270, "texture": "#1"},
				"down": {"uv": [12, 12, 12, 13], "rotation": 270, "texture": "#1"}
			}
		},
		{
			"from": [5, 2.53033, 7.44896],
			"to": [5.3, 3.03033, 7.94896],
			"rotation": {"angle": 0, "axis": "y", "origin": [7, 0.83033, 6.39896]},
			"faces": {
				"north": {"uv": [11, 12, 11.3, 12.5], "texture": "#1"},
				"east": {"uv": [12, 12, 12, 13], "rotation": 270, "texture": "#1"},
				"south": {"uv": [12, 12, 12, 13], "rotation": 270, "texture": "#1"},
				"west": {"uv": [12, 12, 12, 13], "rotation": 270, "texture": "#1"},
				"up": {"uv": [12, 12, 12, 13], "rotation": 270, "texture": "#1"},
				"down": {"uv": [12, 12, 12, 13], "rotation": 270, "texture": "#1"}
			}
		},
		{
			"from": [5, 2.53033, 6.74896],
			"to": [5.3, 3.03033, 7.24896],
			"rotation": {"angle": 0, "axis": "y", "origin": [7, 0.83033, 6.39896]},
			"faces": {
				"north": {"uv": [11, 12, 11.3, 12.5], "texture": "#1"},
				"east": {"uv": [12, 12, 12, 13], "rotation": 270, "texture": "#1"},
				"south": {"uv": [12, 12, 12, 13], "rotation": 270, "texture": "#1"},
				"west": {"uv": [12, 12, 12, 13], "rotation": 270, "texture": "#1"},
				"up": {"uv": [12, 12, 12, 13], "rotation": 270, "texture": "#1"},
				"down": {"uv": [12, 12, 12, 13], "rotation": 270, "texture": "#1"}
			}
		},
		{
			"from": [5, 1.93033, 7.44896],
			"to": [5.3, 2.43033, 7.94896],
			"rotation": {"angle": 0, "axis": "y", "origin": [7, 0.83033, 6.39896]},
			"faces": {
				"north": {"uv": [11, 12, 11.3, 12.5], "texture": "#1"},
				"east": {"uv": [12, 12, 12, 13], "rotation": 270, "texture": "#1"},
				"south": {"uv": [12, 12, 12, 13], "rotation": 270, "texture": "#1"},
				"west": {"uv": [12, 12, 12, 13], "rotation": 270, "texture": "#1"},
				"up": {"uv": [12, 12, 12, 13], "rotation": 270, "texture": "#1"},
				"down": {"uv": [12, 12, 12, 13], "rotation": 270, "texture": "#1"}
			}
		},
		{
			"from": [5.3, 1.13033, 7.44896],
			"to": [5.6, 1.63033, 7.94896],
			"rotation": {"angle": 22.5, "axis": "z", "origin": [5.15, 1.18033, 7.99896]},
			"faces": {
				"north": {"uv": [11, 12, 11.3, 12.5], "texture": "#1"},
				"east": {"uv": [12, 12, 12, 13], "rotation": 270, "texture": "#1"},
				"south": {"uv": [12, 12, 12, 13], "rotation": 270, "texture": "#1"},
				"west": {"uv": [12, 12, 12, 13], "rotation": 270, "texture": "#1"},
				"up": {"uv": [12, 12, 12, 13], "rotation": 270, "texture": "#1"},
				"down": {"uv": [12, 12, 12, 13], "rotation": 270, "texture": "#1"}
			}
		},
		{
			"from": [5.3, 1.13033, 6.74896],
			"to": [5.6, 1.63033, 7.24896],
			"rotation": {"angle": 22.5, "axis": "z", "origin": [5.15, 1.18033, 7.99896]},
			"faces": {
				"north": {"uv": [11, 12, 11.3, 12.5], "texture": "#1"},
				"east": {"uv": [12, 12, 12, 13], "rotation": 270, "texture": "#1"},
				"south": {"uv": [12, 12, 12, 13], "rotation": 270, "texture": "#1"},
				"west": {"uv": [12, 12, 12, 13], "rotation": 270, "texture": "#1"},
				"up": {"uv": [12, 12, 12, 13], "rotation": 270, "texture": "#1"},
				"down": {"uv": [12, 12, 12, 13], "rotation": 270, "texture": "#1"}
			}
		},
		{
			"from": [5.3, 1.13033, 8.04896],
			"to": [5.6, 1.63033, 8.54896],
			"rotation": {"angle": 22.5, "axis": "z", "origin": [5.15, 1.18033, 7.99896]},
			"faces": {
				"north": {"uv": [11, 12, 11.3, 12.5], "texture": "#1"},
				"east": {"uv": [12, 12, 12, 13], "rotation": 270, "texture": "#1"},
				"south": {"uv": [12, 12, 12, 13], "rotation": 270, "texture": "#1"},
				"west": {"uv": [12, 12, 12, 13], "rotation": 270, "texture": "#1"},
				"up": {"uv": [12, 12, 12, 13], "rotation": 270, "texture": "#1"},
				"down": {"uv": [12, 12, 12, 13], "rotation": 270, "texture": "#1"}
			}
		},
		{
			"from": [5.3, 1.13033, 8.74896],
			"to": [5.6, 1.63033, 9.24896],
			"rotation": {"angle": 22.5, "axis": "z", "origin": [5.15, 1.18033, 7.99896]},
			"faces": {
				"north": {"uv": [11, 12, 11.3, 12.5], "texture": "#1"},
				"east": {"uv": [12, 12, 12, 13], "rotation": 270, "texture": "#1"},
				"south": {"uv": [12, 12, 12, 13], "rotation": 270, "texture": "#1"},
				"west": {"uv": [12, 12, 12, 13], "rotation": 270, "texture": "#1"},
				"up": {"uv": [12, 12, 12, 13], "rotation": 270, "texture": "#1"},
				"down": {"uv": [12, 12, 12, 13], "rotation": 270, "texture": "#1"}
			}
		},
		{
			"from": [5.3, 0.43033, 6.84896],
			"to": [5.6, 0.93033, 7.14896],
			"rotation": {"angle": 22.5, "axis": "z", "origin": [5.15, 1.18033, 7.99896]},
			"faces": {
				"north": {"uv": [11, 12, 11.3, 12.5], "texture": "#1"},
				"east": {"uv": [12, 12, 12, 13], "rotation": 270, "texture": "#1"},
				"south": {"uv": [12, 12, 12, 13], "rotation": 270, "texture": "#1"},
				"west": {"uv": [12, 12, 12, 13], "rotation": 270, "texture": "#1"},
				"up": {"uv": [12, 12, 12, 13], "rotation": 270, "texture": "#1"},
				"down": {"uv": [12, 12, 12, 13], "rotation": 270, "texture": "#1"}
			}
		},
		{
			"from": [5.3, 0.43033, 7.54896],
			"to": [5.6, 0.93033, 7.84896],
			"rotation": {"angle": 22.5, "axis": "z", "origin": [5.15, 1.18033, 7.99896]},
			"faces": {
				"north": {"uv": [11, 12, 11.3, 12.5], "texture": "#1"},
				"east": {"uv": [12, 12, 12, 13], "rotation": 270, "texture": "#1"},
				"south": {"uv": [12, 12, 12, 13], "rotation": 270, "texture": "#1"},
				"west": {"uv": [12, 12, 12, 13], "rotation": 270, "texture": "#1"},
				"up": {"uv": [12, 12, 12, 13], "rotation": 270, "texture": "#1"},
				"down": {"uv": [12, 12, 12, 13], "rotation": 270, "texture": "#1"}
			}
		},
		{
			"from": [5.3, 0.43033, 8.14896],
			"to": [5.6, 0.93033, 8.44896],
			"rotation": {"angle": 22.5, "axis": "z", "origin": [5.15, 1.18033, 7.99896]},
			"faces": {
				"north": {"uv": [11, 12, 11.3, 12.5], "texture": "#1"},
				"east": {"uv": [12, 12, 12, 13], "rotation": 270, "texture": "#1"},
				"south": {"uv": [12, 12, 12, 13], "rotation": 270, "texture": "#1"},
				"west": {"uv": [12, 12, 12, 13], "rotation": 270, "texture": "#1"},
				"up": {"uv": [12, 12, 12, 13], "rotation": 270, "texture": "#1"},
				"down": {"uv": [12, 12, 12, 13], "rotation": 270, "texture": "#1"}
			}
		},
		{
			"from": [5.3, 0.43033, 8.84896],
			"to": [5.6, 0.93033, 9.14896],
			"rotation": {"angle": 22.5, "axis": "z", "origin": [5.15, 1.18033, 7.99896]},
			"faces": {
				"north": {"uv": [11, 12, 11.3, 12.5], "texture": "#1"},
				"east": {"uv": [12, 12, 12, 13], "rotation": 270, "texture": "#1"},
				"south": {"uv": [12, 12, 12, 13], "rotation": 270, "texture": "#1"},
				"west": {"uv": [12, 12, 12, 13], "rotation": 270, "texture": "#1"},
				"up": {"uv": [12, 12, 12, 13], "rotation": 270, "texture": "#1"},
				"down": {"uv": [12, 12, 12, 13], "rotation": 270, "texture": "#1"}
			}
		},
		{
			"from": [5, 1.93033, 6.74896],
			"to": [5.3, 2.43033, 7.24896],
			"rotation": {"angle": 0, "axis": "y", "origin": [7, 0.83033, 6.39896]},
			"faces": {
				"north": {"uv": [11, 12, 11.3, 12.5], "texture": "#1"},
				"east": {"uv": [12, 12, 12, 13], "rotation": 270, "texture": "#1"},
				"south": {"uv": [12, 12, 12, 13], "rotation": 270, "texture": "#1"},
				"west": {"uv": [12, 12, 12, 13], "rotation": 270, "texture": "#1"},
				"up": {"uv": [12, 12, 12, 13], "rotation": 270, "texture": "#1"},
				"down": {"uv": [12, 12, 12, 13], "rotation": 270, "texture": "#1"}
			}
		},
		{
			"from": [5, 1.93033, 8.04896],
			"to": [5.3, 2.43033, 8.54896],
			"rotation": {"angle": 0, "axis": "y", "origin": [7, 0.83033, 6.39896]},
			"faces": {
				"north": {"uv": [11, 12, 11.3, 12.5], "texture": "#1"},
				"east": {"uv": [12, 12, 12, 13], "rotation": 270, "texture": "#1"},
				"south": {"uv": [12, 12, 12, 13], "rotation": 270, "texture": "#1"},
				"west": {"uv": [12, 12, 12, 13], "rotation": 270, "texture": "#1"},
				"up": {"uv": [12, 12, 12, 13], "rotation": 270, "texture": "#1"},
				"down": {"uv": [12, 12, 12, 13], "rotation": 270, "texture": "#1"}
			}
		},
		{
			"from": [5, 1.93033, 8.74896],
			"to": [5.3, 2.43033, 9.24896],
			"rotation": {"angle": 0, "axis": "y", "origin": [7, 0.83033, 6.39896]},
			"faces": {
				"north": {"uv": [11, 12, 11.3, 12.5], "texture": "#1"},
				"east": {"uv": [12, 12, 12, 13], "rotation": 270, "texture": "#1"},
				"south": {"uv": [12, 12, 12, 13], "rotation": 270, "texture": "#1"},
				"west": {"uv": [12, 12, 12, 13], "rotation": 270, "texture": "#1"},
				"up": {"uv": [12, 12, 12, 13], "rotation": 270, "texture": "#1"},
				"down": {"uv": [12, 12, 12, 13], "rotation": 270, "texture": "#1"}
			}
		},
		{
			"from": [5, 2.53033, 8.04896],
			"to": [5.3, 3.03033, 8.54896],
			"rotation": {"angle": 0, "axis": "y", "origin": [7, 0.83033, 6.39896]},
			"faces": {
				"north": {"uv": [11, 12, 11.3, 12.5], "texture": "#1"},
				"east": {"uv": [12, 12, 12, 13], "rotation": 270, "texture": "#1"},
				"south": {"uv": [12, 12, 12, 13], "rotation": 270, "texture": "#1"},
				"west": {"uv": [12, 12, 12, 13], "rotation": 270, "texture": "#1"},
				"up": {"uv": [12, 12, 12, 13], "rotation": 270, "texture": "#1"},
				"down": {"uv": [12, 12, 12, 13], "rotation": 270, "texture": "#1"}
			}
		},
		{
			"from": [5, 2.53033, 8.74896],
			"to": [5.3, 3.03033, 9.24896],
			"rotation": {"angle": 0, "axis": "y", "origin": [7, 0.83033, 6.39896]},
			"faces": {
				"north": {"uv": [11, 12, 11.3, 12.5], "texture": "#1"},
				"east": {"uv": [12, 12, 12, 13], "rotation": 270, "texture": "#1"},
				"south": {"uv": [12, 12, 12, 13], "rotation": 270, "texture": "#1"},
				"west": {"uv": [12, 12, 12, 13], "rotation": 270, "texture": "#1"},
				"up": {"uv": [12, 12, 12, 13], "rotation": 270, "texture": "#1"},
				"down": {"uv": [12, 12, 12, 13], "rotation": 270, "texture": "#1"}
			}
		},
		{
			"from": [7.7, 1.93033, 6.04896],
			"to": [8.2, 2.43033, 6.34896],
			"rotation": {"angle": 0, "axis": "y", "origin": [7, 0.83033, 6.39896]},
			"faces": {
				"north": {"uv": [11, 12, 11.5, 12.5], "texture": "#1"},
				"east": {"uv": [12, 12, 12, 13], "rotation": 270, "texture": "#1"},
				"south": {"uv": [12, 12, 12, 13], "rotation": 270, "texture": "#1"},
				"west": {"uv": [12, 12, 12, 13], "rotation": 270, "texture": "#1"},
				"up": {"uv": [12, 12, 12, 13], "rotation": 270, "texture": "#1"},
				"down": {"uv": [12, 12, 12, 13], "rotation": 270, "texture": "#1"}
			}
		},
		{
			"from": [7, 1.93033, 6.04896],
			"to": [7.5, 2.43033, 6.34896],
			"rotation": {"angle": 0, "axis": "y", "origin": [7, 0.83033, 6.39896]},
			"faces": {
				"north": {"uv": [11, 12, 11.5, 12.5], "texture": "#1"},
				"east": {"uv": [12, 12, 12, 13], "rotation": 270, "texture": "#1"},
				"south": {"uv": [12, 12, 12, 13], "rotation": 270, "texture": "#1"},
				"west": {"uv": [12, 12, 12, 13], "rotation": 270, "texture": "#1"},
				"up": {"uv": [12, 12, 12, 13], "rotation": 270, "texture": "#1"},
				"down": {"uv": [12, 12, 12, 13], "rotation": 270, "texture": "#1"}
			}
		},
		{
			"from": [5.6, 0.53033, 5.74896],
			"to": [6.1, 1.03033, 6.04896],
			"rotation": {"angle": -22.5, "axis": "x", "origin": [6.9, 2.18033, 4.39896]},
			"faces": {
				"north": {"uv": [11, 12, 11.5, 12.5], "texture": "#1"},
				"east": {"uv": [12, 12, 12, 13], "rotation": 270, "texture": "#1"},
				"south": {"uv": [12, 12, 12, 13], "rotation": 270, "texture": "#1"},
				"west": {"uv": [12, 12, 12, 13], "rotation": 270, "texture": "#1"},
				"up": {"uv": [12, 12, 12, 13], "rotation": 270, "texture": "#1"},
				"down": {"uv": [12, 12, 12, 13], "rotation": 270, "texture": "#1"}
			}
		},
		{
			"from": [6.3, 0.53033, 5.74896],
			"to": [6.8, 1.03033, 6.04896],
			"rotation": {"angle": -22.5, "axis": "x", "origin": [6.9, 2.18033, 4.39896]},
			"faces": {
				"north": {"uv": [11, 12, 11.5, 12.5], "texture": "#1"},
				"east": {"uv": [12, 12, 12, 13], "rotation": 270, "texture": "#1"},
				"south": {"uv": [12, 12, 12, 13], "rotation": 270, "texture": "#1"},
				"west": {"uv": [12, 12, 12, 13], "rotation": 270, "texture": "#1"},
				"up": {"uv": [12, 12, 12, 13], "rotation": 270, "texture": "#1"},
				"down": {"uv": [12, 12, 12, 13], "rotation": 270, "texture": "#1"}
			}
		},
		{
			"from": [7.7, 0.53033, 5.74896],
			"to": [8.2, 1.03033, 6.04896],
			"rotation": {"angle": -22.5, "axis": "x", "origin": [6.9, 2.18033, 4.39896]},
			"faces": {
				"north": {"uv": [11, 12, 11.5, 12.5], "texture": "#1"},
				"east": {"uv": [12, 12, 12, 13], "rotation": 270, "texture": "#1"},
				"south": {"uv": [12, 12, 12, 13], "rotation": 270, "texture": "#1"},
				"west": {"uv": [12, 12, 12, 13], "rotation": 270, "texture": "#1"},
				"up": {"uv": [12, 12, 12, 13], "rotation": 270, "texture": "#1"},
				"down": {"uv": [12, 12, 12, 13], "rotation": 270, "texture": "#1"}
			}
		},
		{
			"from": [7, 0.53033, 5.74896],
			"to": [7.5, 1.03033, 6.04896],
			"rotation": {"angle": -22.5, "axis": "x", "origin": [6.9, 2.18033, 4.39896]},
			"faces": {
				"north": {"uv": [11, 12, 11.5, 12.5], "texture": "#1"},
				"east": {"uv": [12, 12, 12, 13], "rotation": 270, "texture": "#1"},
				"south": {"uv": [12, 12, 12, 13], "rotation": 270, "texture": "#1"},
				"west": {"uv": [12, 12, 12, 13], "rotation": 270, "texture": "#1"},
				"up": {"uv": [12, 12, 12, 13], "rotation": 270, "texture": "#1"},
				"down": {"uv": [12, 12, 12, 13], "rotation": 270, "texture": "#1"}
			}
		},
		{
			"from": [6.3, 1.93033, 6.04896],
			"to": [6.8, 2.43033, 6.34896],
			"rotation": {"angle": 0, "axis": "y", "origin": [7, 0.83033, 6.39896]},
			"faces": {
				"north": {"uv": [11, 12, 11.5, 12.5], "texture": "#1"},
				"east": {"uv": [12, 12, 12, 13], "rotation": 270, "texture": "#1"},
				"south": {"uv": [12, 12, 12, 13], "rotation": 270, "texture": "#1"},
				"west": {"uv": [12, 12, 12, 13], "rotation": 270, "texture": "#1"},
				"up": {"uv": [12, 12, 12, 13], "rotation": 270, "texture": "#1"},
				"down": {"uv": [12, 12, 12, 13], "rotation": 270, "texture": "#1"}
			}
		},
		{
			"from": [5.6, 1.93033, 6.04896],
			"to": [6.1, 2.43033, 6.34896],
			"rotation": {"angle": 0, "axis": "y", "origin": [7, 0.83033, 6.39896]},
			"faces": {
				"north": {"uv": [11, 12, 11.5, 12.5], "texture": "#1"},
				"east": {"uv": [12, 12, 12, 13], "rotation": 270, "texture": "#1"},
				"south": {"uv": [12, 12, 12, 13], "rotation": 270, "texture": "#1"},
				"west": {"uv": [12, 12, 12, 13], "rotation": 270, "texture": "#1"},
				"up": {"uv": [12, 12, 12, 13], "rotation": 270, "texture": "#1"},
				"down": {"uv": [12, 12, 12, 13], "rotation": 270, "texture": "#1"}
			}
		},
		{
			"from": [5.6, 2.53033, 6.04896],
			"to": [6.1, 3.03033, 6.34896],
			"rotation": {"angle": 0, "axis": "y", "origin": [7, 0.83033, 6.39896]},
			"faces": {
				"north": {"uv": [11, 12, 11.5, 12.5], "texture": "#1"},
				"east": {"uv": [12, 12, 12, 13], "rotation": 270, "texture": "#1"},
				"south": {"uv": [12, 12, 12, 13], "rotation": 270, "texture": "#1"},
				"west": {"uv": [12, 12, 12, 13], "rotation": 270, "texture": "#1"},
				"up": {"uv": [12, 12, 12, 13], "rotation": 270, "texture": "#1"},
				"down": {"uv": [12, 12, 12, 13], "rotation": 270, "texture": "#1"}
			}
		},
		{
			"from": [6.3, 3.13033, 6.04896],
			"to": [6.8, 3.63033, 6.34896],
			"rotation": {"angle": 0, "axis": "y", "origin": [7, 0.83033, 6.39896]},
			"faces": {
				"north": {"uv": [11, 12, 11.5, 12.5], "texture": "#1"},
				"east": {"uv": [12, 12, 12, 13], "rotation": 270, "texture": "#1"},
				"south": {"uv": [12, 12, 12, 13], "rotation": 270, "texture": "#1"},
				"west": {"uv": [12, 12, 12, 13], "rotation": 270, "texture": "#1"},
				"up": {"uv": [12, 12, 12, 13], "rotation": 270, "texture": "#1"},
				"down": {"uv": [12, 12, 12, 13], "rotation": 270, "texture": "#1"}
			}
		},
		{
			"from": [5.5, 1.83033, 6.24896],
			"to": [8.3, 3.83033, 6.54896],
			"rotation": {"angle": 0, "axis": "y", "origin": [7, 0.83033, 6.39896]},
			"faces": {
				"north": {"uv": [12, 12, 12.8, 13], "texture": "#1"},
				"east": {"uv": [12, 12, 12, 13], "rotation": 270, "texture": "#1"},
				"south": {"uv": [12, 12, 12, 13], "rotation": 270, "texture": "#1"},
				"west": {"uv": [12, 12, 12, 13], "rotation": 270, "texture": "#1"},
				"up": {"uv": [12, 12, 12, 13], "rotation": 270, "texture": "#1"},
				"down": {"uv": [12, 12, 12, 13], "rotation": 270, "texture": "#1"}
			}
		},
		{
			"from": [5.5, 1.83033, 9.44896],
			"to": [8.4, 3.83033, 9.74896],
			"rotation": {"angle": 0, "axis": "y", "origin": [7, 0.83033, 6.39896]},
			"faces": {
				"north": {"uv": [12, 12, 12.9, 13], "texture": "#1"},
				"east": {"uv": [12, 12, 12, 13], "rotation": 270, "texture": "#1"},
				"south": {"uv": [12, 12, 12, 13], "rotation": 270, "texture": "#1"},
				"west": {"uv": [12, 12, 12, 13], "rotation": 270, "texture": "#1"},
				"up": {"uv": [12, 12, 12, 13], "rotation": 270, "texture": "#1"},
				"down": {"uv": [12, 12, 12, 13], "rotation": 270, "texture": "#1"}
			}
		},
		{
			"from": [5.65, 1.6031, 9.01815],
			"to": [5.95, 2.5031, 9.41815],
			"rotation": {"angle": 22.5, "axis": "z", "origin": [7, 1.0031, 9.21815]},
			"faces": {
				"north": {"uv": [11, 12, 11.9, 12.3], "rotation": 270, "texture": "#1"},
				"east": {"uv": [12, 12, 12, 13], "rotation": 270, "texture": "#1"},
				"south": {"uv": [12, 12, 12, 13], "rotation": 270, "texture": "#1"},
				"west": {"uv": [12, 12, 12, 13], "rotation": 270, "texture": "#1"},
				"up": {"uv": [12, 12, 12, 13], "rotation": 270, "texture": "#1"},
				"down": {"uv": [12, 12, 12, 13], "rotation": 270, "texture": "#1"}
			}
		},
		{
			"from": [5.19, 1.80582, 6.61815],
			"to": [6.49, 3.80582, 9.41815],
			"rotation": {"angle": 0, "axis": "z", "origin": [5.7, 1.00582, 8.01815]},
			"faces": {
				"north": {"uv": [12, 12, 12, 13], "rotation": 270, "texture": "#1"},
				"east": {"uv": [12, 12, 12, 13], "rotation": 270, "texture": "#1"},
				"south": {"uv": [12, 12, 12, 13], "rotation": 270, "texture": "#1"},
				"west": {"uv": [12, 12, 12, 13], "rotation": 270, "texture": "#1"},
				"up": {"uv": [12, 12, 12, 13], "rotation": 270, "texture": "#1"},
				"down": {"uv": [12, 12, 12, 13], "rotation": 270, "texture": "#1"}
			}
		},
		{
			"from": [7.95, 1.60582, 7.01815],
			"to": [8.25, 2.90582, 9.21815],
			"rotation": {"angle": -22.5, "axis": "z", "origin": [5.7, 1.00582, 8.01815]},
			"faces": {
				"north": {"uv": [12, 12, 11.3, 12.3], "rotation": 270, "texture": "#1"},
				"east": {"uv": [12, 12, 12, 13], "rotation": 270, "texture": "#1"},
				"south": {"uv": [12, 12, 12, 13], "rotation": 270, "texture": "#1"},
				"west": {"uv": [12, 12, 12, 13], "rotation": 270, "texture": "#1"},
				"up": {"uv": [12, 12, 12, 13], "rotation": 270, "texture": "#1"},
				"down": {"uv": [12, 12, 12, 13], "rotation": 270, "texture": "#1"}
			}
		},
		{
			"from": [7.88, 1.71126, 6.81815],
			"to": [8.78, 3.81126, 9.31815],
			"rotation": {"angle": 0, "axis": "z", "origin": [8.3, 1.01126, 8.01815]},
			"faces": {
				"north": {"uv": [12, 12, 12.1, 12.9], "rotation": 270, "texture": "#1"},
				"east": {"uv": [12, 12, 12, 13], "rotation": 270, "texture": "#1"},
				"south": {"uv": [12, 12, 12, 13], "rotation": 270, "texture": "#1"},
				"west": {"uv": [12, 12, 12, 13], "rotation": 270, "texture": "#1"},
				"up": {"uv": [12, 12, 12, 13], "rotation": 270, "texture": "#1"},
				"down": {"uv": [12, 12, 12, 13], "rotation": 270, "texture": "#1"}
			}
		},
		{
			"from": [5.7, 0.82531, 9.35105],
			"to": [8.2, 2.22531, 9.65105],
			"rotation": {"angle": 22.5, "axis": "x", "origin": [7, 1.82531, 8.80105]},
			"faces": {
				"north": {"uv": [12, 12, 12.5, 13], "texture": "#1"},
				"east": {"uv": [12, 12, 12, 13], "rotation": 270, "texture": "#1"},
				"south": {"uv": [12, 12, 12, 13], "rotation": 270, "texture": "#1"},
				"west": {"uv": [12, 12, 12, 13], "rotation": 270, "texture": "#1"},
				"up": {"uv": [12, 12, 12, 13], "rotation": 270, "texture": "#1"},
				"down": {"uv": [12, 12, 12, 13], "rotation": 270, "texture": "#1"}
			}
		},
		{
			"from": [5.65, 0.5031, 7.01815],
			"to": [5.95, 2.5031, 9.01815],
			"rotation": {"angle": 22.5, "axis": "z", "origin": [7, 1.0031, 9.21815]},
			"faces": {
				"north": {"uv": [12, 12, 12, 12.3], "rotation": 270, "texture": "#1"},
				"east": {"uv": [12, 12, 12, 13], "rotation": 270, "texture": "#1"},
				"south": {"uv": [12, 12, 12, 13], "rotation": 270, "texture": "#1"},
				"west": {"uv": [12, 12, 12, 13], "rotation": 270, "texture": "#1"},
				"up": {"uv": [12, 12, 12, 13], "rotation": 270, "texture": "#1"},
				"down": {"uv": [12, 12, 12, 13], "rotation": 270, "texture": "#1"}
			}
		},
		{
			"from": [5.5, 1.32531, 9.35105],
			"to": [6, 2.22531, 9.65105],
			"rotation": {"angle": 22.5, "axis": "x", "origin": [7, 1.82531, 8.80105]},
			"faces": {
				"north": {"uv": [11, 12, 11.5, 12.9], "texture": "#1"},
				"east": {"uv": [12, 12, 12, 13], "rotation": 270, "texture": "#1"},
				"south": {"uv": [12, 12, 12, 13], "rotation": 270, "texture": "#1"},
				"west": {"uv": [12, 12, 12, 13], "rotation": 270, "texture": "#1"},
				"up": {"uv": [12, 12, 12, 13], "rotation": 270, "texture": "#1"},
				"down": {"uv": [12, 12, 12, 13], "rotation": 270, "texture": "#1"}
			}
		},
		{
			"from": [5.65, 1.2031, 9.01815],
			"to": [5.95, 2.5031, 9.31815],
			"rotation": {"angle": 22.5, "axis": "z", "origin": [7, 1.0031, 9.21815]},
			"faces": {
				"north": {"uv": [12, 12, 11.3, 12.3], "rotation": 270, "texture": "#1"},
				"east": {"uv": [12, 12, 12, 13], "rotation": 270, "texture": "#1"},
				"south": {"uv": [12, 12, 12, 13], "rotation": 270, "texture": "#1"},
				"west": {"uv": [12, 12, 12, 13], "rotation": 270, "texture": "#1"},
				"up": {"uv": [12, 12, 12, 13], "rotation": 270, "texture": "#1"},
				"down": {"uv": [12, 12, 12, 13], "rotation": 270, "texture": "#1"}
			}
		},
		{
			"from": [4.8, 1.83033, 7.64896],
			"to": [5.2, 3.83033, 8.74896],
			"rotation": {"angle": -45, "axis": "y", "origin": [4.15, 2.83033, 9.59896]},
			"faces": {
				"north": {"uv": [11, 12, 11.4, 13], "texture": "#1"},
				"east": {"uv": [12, 12, 12, 13], "rotation": 270, "texture": "#1"},
				"south": {"uv": [12, 12, 12, 13], "rotation": 270, "texture": "#1"},
				"west": {"uv": [12, 12, 12, 13], "rotation": 270, "texture": "#1"},
				"up": {"uv": [12, 12, 12, 13], "rotation": 270, "texture": "#1"},
				"down": {"uv": [12, 12, 12, 13], "rotation": 270, "texture": "#1"}
			}
		},
		{
			"from": [7.7, 1.32531, 9.35105],
			"to": [8.2, 2.22531, 9.65105],
			"rotation": {"angle": 22.5, "axis": "x", "origin": [7, 1.82531, 8.80105]},
			"faces": {
				"north": {"uv": [11, 12, 11.5, 12.9], "texture": "#1"},
				"east": {"uv": [12, 12, 12, 13], "rotation": 270, "texture": "#1"},
				"south": {"uv": [12, 12, 12, 13], "rotation": 270, "texture": "#1"},
				"west": {"uv": [12, 12, 12, 13], "rotation": 270, "texture": "#1"},
				"up": {"uv": [12, 12, 12, 13], "rotation": 270, "texture": "#1"},
				"down": {"uv": [12, 12, 12, 13], "rotation": 270, "texture": "#1"}
			}
		},
		{
			"from": [7.95, 1.00582, 7.01815],
			"to": [8.25, 2.90582, 9.01815],
			"rotation": {"angle": -22.5, "axis": "z", "origin": [5.7, 1.00582, 8.01815]},
			"faces": {
				"north": {"uv": [12, 12, 11.9, 12.3], "rotation": 270, "texture": "#1"},
				"east": {"uv": [12, 12, 12, 13], "rotation": 270, "texture": "#1"},
				"south": {"uv": [12, 12, 12, 13], "rotation": 270, "texture": "#1"},
				"west": {"uv": [12, 12, 12, 13], "rotation": 270, "texture": "#1"},
				"up": {"uv": [12, 12, 12, 13], "rotation": 270, "texture": "#1"},
				"down": {"uv": [12, 12, 12, 13], "rotation": 270, "texture": "#1"}
			}
		},
		{
			"from": [7.8, 1.32531, 9.25105],
			"to": [8.4, 2.22531, 9.65105],
			"rotation": {"angle": 22.5, "axis": "x", "origin": [7, 1.82531, 8.80105]},
			"faces": {
				"north": {"uv": [11, 12, 11.6, 12.9], "texture": "#1"},
				"east": {"uv": [12, 12, 12, 13], "rotation": 270, "texture": "#1"},
				"south": {"uv": [12, 12, 12, 13], "rotation": 270, "texture": "#1"},
				"west": {"uv": [12, 12, 12, 13], "rotation": 270, "texture": "#1"},
				"up": {"uv": [12, 12, 12, 13], "rotation": 270, "texture": "#1"},
				"down": {"uv": [12, 12, 12, 13], "rotation": 270, "texture": "#1"}
			}
		},
		{
			"from": [8.2, 1.16123, 8.97863],
			"to": [8.6, 2.06123, 9.37863],
			"rotation": {"angle": -22.5, "axis": "z", "origin": [8.05, 1.51123, 9.42863]},
			"faces": {
				"north": {"uv": [11, 12, 11.9, 12.4], "rotation": 90, "texture": "#1"},
				"east": {"uv": [12, 12, 12, 13], "rotation": 270, "texture": "#1"},
				"south": {"uv": [12, 12, 12, 13], "rotation": 270, "texture": "#1"},
				"west": {"uv": [12, 12, 12, 13], "rotation": 270, "texture": "#1"},
				"up": {"uv": [12, 12, 12, 13], "rotation": 270, "texture": "#1"},
				"down": {"uv": [12, 12, 12, 13], "rotation": 270, "texture": "#1"}
			}
		},
		{
			"from": [9.80729, 1.83033, 8.29376],
			"to": [10.50729, 3.83033, 8.69376],
			"rotation": {"angle": -45, "axis": "y", "origin": [8.35729, 2.83033, 6.59376]},
			"faces": {
				"north": {"uv": [12, 12, 12, 12.7], "rotation": 270, "texture": "#1"},
				"east": {"uv": [12, 12, 12, 13], "rotation": 270, "texture": "#1"},
				"south": {"uv": [12, 12, 12, 13], "rotation": 270, "texture": "#1"},
				"west": {"uv": [12, 12, 12, 13], "rotation": 270, "texture": "#1"},
				"up": {"uv": [12, 12, 12, 13], "rotation": 270, "texture": "#1"},
				"down": {"uv": [12, 12, 12, 13], "rotation": 270, "texture": "#1"}
			}
		},
		{
			"from": [5.65, 1.1031, 6.71815],
			"to": [5.95, 2.5031, 9.01815],
			"rotation": {"angle": 22.5, "axis": "z", "origin": [7, 1.0031, 9.21815]},
			"faces": {
				"north": {"uv": [12, 12, 11.4, 12.3], "rotation": 270, "texture": "#1"},
				"east": {"uv": [12, 12, 12, 13], "rotation": 270, "texture": "#1"},
				"south": {"uv": [12, 12, 12, 13], "rotation": 270, "texture": "#1"},
				"west": {"uv": [12, 12, 12, 13], "rotation": 270, "texture": "#1"},
				"up": {"uv": [12, 12, 12, 13], "rotation": 270, "texture": "#1"},
				"down": {"uv": [12, 12, 12, 13], "rotation": 270, "texture": "#1"}
			}
		},
		{
			"from": [5.5, 1.13033, 6.64896],
			"to": [5.9, 1.83033, 6.94896],
			"rotation": {"angle": -22.5, "axis": "x", "origin": [7, 0.83033, 6.39896]},
			"faces": {
				"north": {"uv": [11, 12, 11.4, 12.7], "texture": "#1"},
				"east": {"uv": [12, 12, 12, 13], "rotation": 270, "texture": "#1"},
				"south": {"uv": [12, 12, 12, 13], "rotation": 270, "texture": "#1"},
				"west": {"uv": [12, 12, 12, 13], "rotation": 270, "texture": "#1"},
				"up": {"uv": [12, 12, 12, 13], "rotation": 270, "texture": "#1"},
				"down": {"uv": [12, 12, 12, 13], "rotation": 270, "texture": "#1"}
			}
		},
		{
			"from": [5.65, 1.7031, 6.51815],
			"to": [5.95, 2.5031, 6.81815],
			"rotation": {"angle": 22.5, "axis": "z", "origin": [7, 1.0031, 9.21815]},
			"faces": {
				"north": {"uv": [11, 12, 11.8, 12.3], "rotation": 270, "texture": "#1"},
				"east": {"uv": [12, 12, 12, 13], "rotation": 270, "texture": "#1"},
				"south": {"uv": [12, 12, 12, 13], "rotation": 270, "texture": "#1"},
				"west": {"uv": [12, 12, 12, 13], "rotation": 270, "texture": "#1"},
				"up": {"uv": [12, 12, 12, 13], "rotation": 270, "texture": "#1"},
				"down": {"uv": [12, 12, 12, 13], "rotation": 270, "texture": "#1"}
			}
		},
		{
			"from": [5.5, 1.13033, 6.64896],
			"to": [8, 1.83033, 6.94896],
			"rotation": {"angle": -22.5, "axis": "x", "origin": [7, 0.83033, 6.39896]},
			"faces": {
				"north": {"uv": [12, 12, 12.5, 12.7], "texture": "#1"},
				"east": {"uv": [12, 12, 12, 13], "rotation": 270, "texture": "#1"},
				"south": {"uv": [12, 12, 12, 13], "rotation": 270, "texture": "#1"},
				"west": {"uv": [12, 12, 12, 13], "rotation": 270, "texture": "#1"},
				"up": {"uv": [12, 12, 12, 13], "rotation": 270, "texture": "#1"},
				"down": {"uv": [12, 12, 12, 13], "rotation": 270, "texture": "#1"}
			}
		},
		{
			"from": [5.6, 0.53033, 6.64896],
			"to": [8, 1.83033, 6.94896],
			"rotation": {"angle": -22.5, "axis": "x", "origin": [7, 0.83033, 6.39896]},
			"faces": {
				"north": {"uv": [12, 12, 12.4, 13], "texture": "#1"},
				"east": {"uv": [12, 12, 12, 13], "rotation": 270, "texture": "#1"},
				"south": {"uv": [12, 12, 12, 13], "rotation": 270, "texture": "#1"},
				"west": {"uv": [12, 12, 12, 13], "rotation": 270, "texture": "#1"},
				"up": {"uv": [12, 12, 12, 13], "rotation": 270, "texture": "#1"},
				"down": {"uv": [12, 12, 12, 13], "rotation": 270, "texture": "#1"}
			}
		},
		{
			"from": [4.9, 1.53033, 4.24896],
			"to": [5.3, 3.83033, 5.54896],
			"rotation": {"angle": -45, "axis": "y", "origin": [4.15, 2.83033, 9.59896]},
			"faces": {
				"north": {"uv": [11, 12, 11.4, 13], "texture": "#1"},
				"east": {"uv": [12, 12, 12, 13], "rotation": 270, "texture": "#1"},
				"south": {"uv": [12, 12, 12, 13], "rotation": 270, "texture": "#1"},
				"west": {"uv": [12, 12, 12, 13], "rotation": 270, "texture": "#1"},
				"up": {"uv": [12, 12, 12, 13], "rotation": 270, "texture": "#1"},
				"down": {"uv": [12, 12, 12, 13], "rotation": 270, "texture": "#1"}
			}
		},
		{
			"from": [7.8, 0.53033, 6.64896],
			"to": [8.3, 1.83033, 6.94896],
			"rotation": {"angle": -22.5, "axis": "x", "origin": [7, 0.83033, 6.39896]},
			"faces": {
				"north": {"uv": [11, 12, 11.5, 13], "texture": "#1"},
				"east": {"uv": [12, 12, 12, 13], "rotation": 270, "texture": "#1"},
				"south": {"uv": [12, 12, 12, 13], "rotation": 270, "texture": "#1"},
				"west": {"uv": [12, 12, 12, 13], "rotation": 270, "texture": "#1"},
				"up": {"uv": [12, 12, 12, 13], "rotation": 270, "texture": "#1"},
				"down": {"uv": [12, 12, 12, 13], "rotation": 270, "texture": "#1"}
			}
		},
		{
			"from": [7.95, 1.70582, 6.71815],
			"to": [8.25, 2.90582, 7.01815],
			"rotation": {"angle": -22.5, "axis": "z", "origin": [5.7, 1.00582, 8.01815]},
			"faces": {
				"north": {"uv": [12, 12, 11.2, 12.3], "rotation": 270, "texture": "#1"},
				"east": {"uv": [12, 12, 12, 13], "rotation": 270, "texture": "#1"},
				"south": {"uv": [12, 12, 12, 13], "rotation": 270, "texture": "#1"},
				"west": {"uv": [12, 12, 12, 13], "rotation": 270, "texture": "#1"},
				"up": {"uv": [12, 12, 12, 13], "rotation": 270, "texture": "#1"},
				"down": {"uv": [12, 12, 12, 13], "rotation": 270, "texture": "#1"}
			}
		},
		{
			"from": [7.8, 1.13033, 6.64896],
			"to": [8.5, 1.83033, 6.94896],
			"rotation": {"angle": -22.5, "axis": "x", "origin": [7, 0.83033, 6.39896]},
			"faces": {
				"north": {"uv": [11, 12, 11.7, 12.7], "texture": "#1"},
				"east": {"uv": [12, 12, 12, 13], "rotation": 270, "texture": "#1"},
				"south": {"uv": [12, 12, 12, 13], "rotation": 270, "texture": "#1"},
				"west": {"uv": [12, 12, 12, 13], "rotation": 270, "texture": "#1"},
				"up": {"uv": [12, 12, 12, 13], "rotation": 270, "texture": "#1"},
				"down": {"uv": [12, 12, 12, 13], "rotation": 270, "texture": "#1"}
			}
		},
		{
			"from": [7.95, 2.30582, 6.61815],
			"to": [8.25, 2.90582, 7.01815],
			"rotation": {"angle": -22.5, "axis": "z", "origin": [5.7, 1.00582, 8.01815]},
			"faces": {
				"north": {"uv": [11, 12, 11.6, 12.3], "rotation": 270, "texture": "#1"},
				"east": {"uv": [12, 12, 12, 13], "rotation": 270, "texture": "#1"},
				"south": {"uv": [12, 12, 12, 13], "rotation": 270, "texture": "#1"},
				"west": {"uv": [12, 12, 12, 13], "rotation": 270, "texture": "#1"},
				"up": {"uv": [12, 12, 12, 13], "rotation": 270, "texture": "#1"},
				"down": {"uv": [12, 12, 12, 13], "rotation": 270, "texture": "#1"}
			}
		},
		{
			"from": [5.19, 3.60582, 6.61815],
			"to": [8.59, 3.80582, 9.41815],
			"rotation": {"angle": 0, "axis": "y", "origin": [5.7, 1.00582, 8.01815]},
			"faces": {
				"north": {"uv": [11, 13, 11.2, 12.4], "rotation": 270, "texture": "#1"},
				"east": {"uv": [12, 12, 12, 13], "rotation": 270, "texture": "#1"},
				"south": {"uv": [12, 12, 12, 13], "rotation": 270, "texture": "#1"},
				"west": {"uv": [12, 12, 12, 13], "rotation": 270, "texture": "#1"},
				"up": {"uv": [12, 12, 12, 13], "rotation": 270, "texture": "#1"},
				"down": {"uv": [12, 12, 12, 13], "rotation": 270, "texture": "#1"}
			}
		},
		{
			"from": [5.5, 3.83033, 6.44896],
			"to": [8.4, 3.83033, 9.74896],
			"rotation": {"angle": 0, "axis": "y", "origin": [7, 0.83033, 6.39896]},
			"faces": {
				"north": {"uv": [12, 12, 12.9, 12], "texture": "#1"},
				"east": {"uv": [12, 12, 12, 13], "rotation": 270, "texture": "#1"},
				"south": {"uv": [12, 12, 12, 13], "rotation": 270, "texture": "#1"},
				"west": {"uv": [12, 12, 12, 13], "rotation": 270, "texture": "#1"},
				"up": {"uv": [12, 12, 12, 13], "rotation": 270, "texture": "#1"},
				"down": {"uv": [12, 12, 12, 13], "rotation": 270, "texture": "#1"}
			}
		},
		{
			"from": [5.7, 3.83033, 6.74896],
			"to": [8.3, 4.33033, 9.34896],
			"rotation": {"angle": 0, "axis": "y", "origin": [7, 0.83033, 6.39896]},
			"faces": {
				"north": {"uv": [12, 12, 12.6, 12.5], "texture": "#1"},
				"east": {"uv": [12, 12, 12, 13], "rotation": 270, "texture": "#1"},
				"south": {"uv": [12, 12, 12, 13], "rotation": 270, "texture": "#1"},
				"west": {"uv": [12, 12, 12, 13], "rotation": 270, "texture": "#1"},
				"up": {"uv": [12, 12, 12, 13], "rotation": 270, "texture": "#1"},
				"down": {"uv": [12, 12, 12, 13], "rotation": 270, "texture": "#1"}
			}
		},
		{
			"from": [6.3, 3.13033, 9.64896],
			"to": [6.8, 3.63033, 9.94896],
			"rotation": {"angle": 0, "axis": "y", "origin": [7, 0.83033, 6.39896]},
			"faces": {
				"north": {"uv": [11, 12, 11.5, 12.5], "texture": "#1"},
				"east": {"uv": [12, 12, 12, 13], "rotation": 270, "texture": "#1"},
				"south": {"uv": [12, 12, 12, 13], "rotation": 270, "texture": "#1"},
				"west": {"uv": [12, 12, 12, 13], "rotation": 270, "texture": "#1"},
				"up": {"uv": [12, 12, 12, 13], "rotation": 270, "texture": "#1"},
				"down": {"uv": [12, 12, 12, 13], "rotation": 270, "texture": "#1"}
			}
		},
		{
			"from": [5.6, 3.13033, 9.64896],
			"to": [6.1, 3.63033, 9.94896],
			"rotation": {"angle": 0, "axis": "y", "origin": [7, 0.83033, 6.39896]},
			"faces": {
				"north": {"uv": [11, 12, 11.5, 12.5], "texture": "#1"},
				"east": {"uv": [12, 12, 12, 13], "rotation": 270, "texture": "#1"},
				"south": {"uv": [12, 12, 12, 13], "rotation": 270, "texture": "#1"},
				"west": {"uv": [12, 12, 12, 13], "rotation": 270, "texture": "#1"},
				"up": {"uv": [12, 12, 12, 13], "rotation": 270, "texture": "#1"},
				"down": {"uv": [12, 12, 12, 13], "rotation": 270, "texture": "#1"}
			}
		},
		{
			"from": [7, 3.13033, 9.64896],
			"to": [7.5, 3.63033, 9.94896],
			"rotation": {"angle": 0, "axis": "y", "origin": [7, 0.83033, 6.39896]},
			"faces": {
				"north": {"uv": [11, 12, 11.5, 12.5], "texture": "#1"},
				"east": {"uv": [12, 12, 12, 13], "rotation": 270, "texture": "#1"},
				"south": {"uv": [12, 12, 12, 13], "rotation": 270, "texture": "#1"},
				"west": {"uv": [12, 12, 12, 13], "rotation": 270, "texture": "#1"},
				"up": {"uv": [12, 12, 12, 13], "rotation": 270, "texture": "#1"},
				"down": {"uv": [12, 12, 12, 13], "rotation": 270, "texture": "#1"}
			}
		},
		{
			"from": [7.7, 3.13033, 9.64896],
			"to": [8.2, 3.63033, 9.94896],
			"rotation": {"angle": 0, "axis": "y", "origin": [7, 0.83033, 6.39896]},
			"faces": {
				"north": {"uv": [11, 12, 11.5, 12.5], "texture": "#1"},
				"east": {"uv": [12, 12, 12, 13], "rotation": 270, "texture": "#1"},
				"south": {"uv": [12, 12, 12, 13], "rotation": 270, "texture": "#1"},
				"west": {"uv": [12, 12, 12, 13], "rotation": 270, "texture": "#1"},
				"up": {"uv": [12, 12, 12, 13], "rotation": 270, "texture": "#1"},
				"down": {"uv": [12, 12, 12, 13], "rotation": 270, "texture": "#1"}
			}
		},
		{
			"from": [6.3, 2.53033, 9.64896],
			"to": [6.8, 3.03033, 9.94896],
			"rotation": {"angle": 0, "axis": "y", "origin": [7, 0.83033, 6.39896]},
			"faces": {
				"north": {"uv": [11, 12, 11.5, 12.5], "texture": "#1"},
				"east": {"uv": [12, 12, 12, 13], "rotation": 270, "texture": "#1"},
				"south": {"uv": [12, 12, 12, 13], "rotation": 270, "texture": "#1"},
				"west": {"uv": [12, 12, 12, 13], "rotation": 270, "texture": "#1"},
				"up": {"uv": [12, 12, 12, 13], "rotation": 270, "texture": "#1"},
				"down": {"uv": [12, 12, 12, 13], "rotation": 270, "texture": "#1"}
			}
		},
		{
			"from": [5.6, 2.53033, 9.64896],
			"to": [6.1, 3.03033, 9.94896],
			"rotation": {"angle": 0, "axis": "y", "origin": [7, 0.83033, 6.39896]},
			"faces": {
				"north": {"uv": [11, 12, 11.5, 12.5], "texture": "#1"},
				"east": {"uv": [12, 12, 12, 13], "rotation": 270, "texture": "#1"},
				"south": {"uv": [12, 12, 12, 13], "rotation": 270, "texture": "#1"},
				"west": {"uv": [12, 12, 12, 13], "rotation": 270, "texture": "#1"},
				"up": {"uv": [12, 12, 12, 13], "rotation": 270, "texture": "#1"},
				"down": {"uv": [12, 12, 12, 13], "rotation": 270, "texture": "#1"}
			}
		},
		{
			"from": [6.3, 1.93033, 9.64896],
			"to": [6.8, 2.43033, 9.94896],
			"rotation": {"angle": 0, "axis": "y", "origin": [7, 0.83033, 6.39896]},
			"faces": {
				"north": {"uv": [11, 12, 11.5, 12.5], "texture": "#1"},
				"east": {"uv": [12, 12, 12, 13], "rotation": 270, "texture": "#1"},
				"south": {"uv": [12, 12, 12, 13], "rotation": 270, "texture": "#1"},
				"west": {"uv": [12, 12, 12, 13], "rotation": 270, "texture": "#1"},
				"up": {"uv": [12, 12, 12, 13], "rotation": 270, "texture": "#1"},
				"down": {"uv": [12, 12, 12, 13], "rotation": 270, "texture": "#1"}
			}
		},
		{
			"from": [5.6, 1.93033, 9.64896],
			"to": [6.1, 2.43033, 9.94896],
			"rotation": {"angle": 0, "axis": "y", "origin": [7, 0.83033, 6.39896]},
			"faces": {
				"north": {"uv": [11, 12, 11.5, 12.5], "texture": "#1"},
				"east": {"uv": [12, 12, 12, 13], "rotation": 270, "texture": "#1"},
				"south": {"uv": [12, 12, 12, 13], "rotation": 270, "texture": "#1"},
				"west": {"uv": [12, 12, 12, 13], "rotation": 270, "texture": "#1"},
				"up": {"uv": [12, 12, 12, 13], "rotation": 270, "texture": "#1"},
				"down": {"uv": [12, 12, 12, 13], "rotation": 270, "texture": "#1"}
			}
		},
		{
			"from": [7, 1.93033, 9.64896],
			"to": [7.5, 2.43033, 9.94896],
			"rotation": {"angle": 0, "axis": "y", "origin": [7, 0.83033, 6.39896]},
			"faces": {
				"north": {"uv": [11, 12, 11.5, 12.5], "texture": "#1"},
				"east": {"uv": [12, 12, 12, 13], "rotation": 270, "texture": "#1"},
				"south": {"uv": [12, 12, 12, 13], "rotation": 270, "texture": "#1"},
				"west": {"uv": [12, 12, 12, 13], "rotation": 270, "texture": "#1"},
				"up": {"uv": [12, 12, 12, 13], "rotation": 270, "texture": "#1"},
				"down": {"uv": [12, 12, 12, 13], "rotation": 270, "texture": "#1"}
			}
		},
		{
			"from": [7.7, 1.93033, 9.64896],
			"to": [8.2, 2.43033, 9.94896],
			"rotation": {"angle": 0, "axis": "y", "origin": [7, 0.83033, 6.39896]},
			"faces": {
				"north": {"uv": [11, 12, 11.5, 12.5], "texture": "#1"},
				"east": {"uv": [12, 12, 12, 13], "rotation": 270, "texture": "#1"},
				"south": {"uv": [12, 12, 12, 13], "rotation": 270, "texture": "#1"},
				"west": {"uv": [12, 12, 12, 13], "rotation": 270, "texture": "#1"},
				"up": {"uv": [12, 12, 12, 13], "rotation": 270, "texture": "#1"},
				"down": {"uv": [12, 12, 12, 13], "rotation": 270, "texture": "#1"}
			}
		},
		{
			"from": [7, 2.53033, 9.64896],
			"to": [7.5, 3.03033, 9.94896],
			"rotation": {"angle": 0, "axis": "y", "origin": [7, 0.83033, 6.39896]},
			"faces": {
				"north": {"uv": [11, 12, 11.5, 12.5], "texture": "#1"},
				"east": {"uv": [12, 12, 12, 13], "rotation": 270, "texture": "#1"},
				"south": {"uv": [12, 12, 12, 13], "rotation": 270, "texture": "#1"},
				"west": {"uv": [12, 12, 12, 13], "rotation": 270, "texture": "#1"},
				"up": {"uv": [12, 12, 12, 13], "rotation": 270, "texture": "#1"},
				"down": {"uv": [12, 12, 12, 13], "rotation": 270, "texture": "#1"}
			}
		},
		{
			"from": [7.7, 2.53033, 9.64896],
			"to": [8.2, 3.03033, 9.94896],
			"rotation": {"angle": 0, "axis": "y", "origin": [7, 0.83033, 6.39896]},
			"faces": {
				"north": {"uv": [11, 12, 11.5, 12.5], "texture": "#1"},
				"east": {"uv": [12, 12, 12, 13], "rotation": 270, "texture": "#1"},
				"south": {"uv": [12, 12, 12, 13], "rotation": 270, "texture": "#1"},
				"west": {"uv": [12, 12, 12, 13], "rotation": 270, "texture": "#1"},
				"up": {"uv": [12, 12, 12, 13], "rotation": 270, "texture": "#1"},
				"down": {"uv": [12, 12, 12, 13], "rotation": 270, "texture": "#1"}
			}
		},
		{
			"from": [6.5, 3.83033, 7.44896],
			"to": [7.5, 5.33033, 8.64896],
			"rotation": {"angle": 0, "axis": "y", "origin": [7, 0.83033, 6.39896]},
			"faces": {
				"north": {"uv": [11, 12, 12, 13], "texture": "#1"},
				"east": {"uv": [12, 12, 12, 13], "rotation": 270, "texture": "#1"},
				"south": {"uv": [12, 12, 12, 13], "rotation": 270, "texture": "#1"},
				"west": {"uv": [12, 12, 12, 13], "rotation": 270, "texture": "#1"},
				"up": {"uv": [12, 12, 12, 13], "rotation": 270, "texture": "#1"},
				"down": {"uv": [12, 12, 12, 13], "rotation": 270, "texture": "#1"}
			}
		},
		{
			"from": [6, 5.33033, 7.04896],
			"to": [8, 6.43033, 9.14896],
			"rotation": {"angle": 0, "axis": "y", "origin": [7, 0.03033, 6.39896]},
			"faces": {
				"north": {"uv": [12, 12, 12, 13], "texture": "#1"},
				"east": {"uv": [12, 12, 12, 13], "rotation": 270, "texture": "#1"},
				"south": {"uv": [12, 12, 12, 13], "rotation": 270, "texture": "#1"},
				"west": {"uv": [12, 12, 12, 13], "rotation": 270, "texture": "#1"},
				"up": {"uv": [12, 12, 12, 13], "rotation": 270, "texture": "#1"},
				"down": {"uv": [12, 12, 12, 13], "rotation": 270, "texture": "#1"}
			}
		},
		{
			"from": [5.7, 5.63033, 7.64896],
			"to": [8, 6.23033, 7.94896],
			"rotation": {"angle": 0, "axis": "y", "origin": [7, 0.03033, 6.39896]},
			"faces": {
				"north": {"uv": [12, 12, 12.3, 12.6], "texture": "#1"},
				"east": {"uv": [12, 12, 12, 13], "rotation": 270, "texture": "#1"},
				"south": {"uv": [12, 12, 12, 13], "rotation": 270, "texture": "#1"},
				"west": {"uv": [12, 12, 12, 13], "rotation": 270, "texture": "#1"},
				"up": {"uv": [12, 12, 12, 13], "rotation": 270, "texture": "#1"},
				"down": {"uv": [12, 12, 12, 13], "rotation": 270, "texture": "#1"}
			}
		},
		{
			"from": [8.38024, 4.22694, 7.54896],
			"to": [8.98024, 6.12694, 8.74896],
			"rotation": {"angle": 22.5, "axis": "z", "origin": [8.68024, 5.97694, 8.14896]},
			"faces": {
				"north": {"uv": [12, 12, 11.9, 12.6], "rotation": 270, "texture": "#1"},
				"east": {"uv": [12, 12, 12, 13], "rotation": 270, "texture": "#1"},
				"south": {"uv": [12, 12, 12, 13], "rotation": 270, "texture": "#1"},
				"west": {"uv": [12, 12, 12, 13], "rotation": 270, "texture": "#1"},
				"up": {"uv": [12, 12, 12, 13], "rotation": 270, "texture": "#1"},
				"down": {"uv": [12, 12, 12, 13], "rotation": 270, "texture": "#1"}
			}
		},
		{
			"from": [6.3, 1.16673, 9.52972],
			"to": [6.8, 1.66673, 9.82972],
			"rotation": {"angle": 22.5, "axis": "x", "origin": [6.9, 1.41673, 9.67972]},
			"faces": {
				"north": {"uv": [11, 12, 11.5, 12.5], "texture": "#1"},
				"east": {"uv": [12, 12, 12, 13], "rotation": 270, "texture": "#1"},
				"south": {"uv": [12, 12, 12, 13], "rotation": 270, "texture": "#1"},
				"west": {"uv": [12, 12, 12, 13], "rotation": 270, "texture": "#1"},
				"up": {"uv": [12, 12, 12, 13], "rotation": 270, "texture": "#1"},
				"down": {"uv": [12, 12, 12, 13], "rotation": 270, "texture": "#1"}
			}
		},
		{
			"from": [5.6, 1.16673, 9.52972],
			"to": [6.1, 1.66673, 9.82972],
			"rotation": {"angle": 22.5, "axis": "x", "origin": [6.9, 1.41673, 9.67972]},
			"faces": {
				"north": {"uv": [11, 12, 11.5, 12.5], "texture": "#1"},
				"east": {"uv": [12, 12, 12, 13], "rotation": 270, "texture": "#1"},
				"south": {"uv": [12, 12, 12, 13], "rotation": 270, "texture": "#1"},
				"west": {"uv": [12, 12, 12, 13], "rotation": 270, "texture": "#1"},
				"up": {"uv": [12, 12, 12, 13], "rotation": 270, "texture": "#1"},
				"down": {"uv": [12, 12, 12, 13], "rotation": 270, "texture": "#1"}
			}
		},
		{
			"from": [7, 1.16673, 9.52972],
			"to": [7.5, 1.66673, 9.82972],
			"rotation": {"angle": 22.5, "axis": "x", "origin": [6.9, 1.41673, 9.67972]},
			"faces": {
				"north": {"uv": [11, 12, 11.5, 12.5], "texture": "#1"},
				"east": {"uv": [12, 12, 12, 13], "rotation": 270, "texture": "#1"},
				"south": {"uv": [12, 12, 12, 13], "rotation": 270, "texture": "#1"},
				"west": {"uv": [12, 12, 12, 13], "rotation": 270, "texture": "#1"},
				"up": {"uv": [12, 12, 12, 13], "rotation": 270, "texture": "#1"},
				"down": {"uv": [12, 12, 12, 13], "rotation": 270, "texture": "#1"}
			}
		},
		{
			"from": [7.7, 1.16673, 9.52972],
			"to": [8.2, 1.66673, 9.82972],
			"rotation": {"angle": 22.5, "axis": "x", "origin": [6.9, 1.41673, 9.67972]},
			"faces": {
				"north": {"uv": [11, 12, 11.5, 12.5], "texture": "#1"},
				"east": {"uv": [12, 12, 12, 13], "rotation": 270, "texture": "#1"},
				"south": {"uv": [12, 12, 12, 13], "rotation": 270, "texture": "#1"},
				"west": {"uv": [12, 12, 12, 13], "rotation": 270, "texture": "#1"},
				"up": {"uv": [12, 12, 12, 13], "rotation": 270, "texture": "#1"},
				"down": {"uv": [12, 12, 12, 13], "rotation": 270, "texture": "#1"}
			}
		},
		{
			"from": [6.5, 0.46673, 9.52972],
			"to": [6.8, 0.96673, 9.82972],
			"rotation": {"angle": 22.5, "axis": "x", "origin": [6.9, 1.41673, 9.67972]},
			"faces": {
				"north": {"uv": [11, 12, 11.3, 12.5], "texture": "#1"},
				"east": {"uv": [12, 12, 12, 13], "rotation": 270, "texture": "#1"},
				"south": {"uv": [12, 12, 12, 13], "rotation": 270, "texture": "#1"},
				"west": {"uv": [12, 12, 12, 13], "rotation": 270, "texture": "#1"},
				"up": {"uv": [12, 12, 12, 13], "rotation": 270, "texture": "#1"},
				"down": {"uv": [12, 12, 12, 13], "rotation": 270, "texture": "#1"}
			}
		},
		{
			"from": [5.8, 0.46673, 9.52972],
			"to": [6.1, 0.96673, 9.82972],
			"rotation": {"angle": 22.5, "axis": "x", "origin": [6.9, 1.41673, 9.67972]},
			"faces": {
				"north": {"uv": [11, 12, 11.3, 12.5], "texture": "#1"},
				"east": {"uv": [12, 12, 12, 13], "rotation": 270, "texture": "#1"},
				"south": {"uv": [12, 12, 12, 13], "rotation": 270, "texture": "#1"},
				"west": {"uv": [12, 12, 12, 13], "rotation": 270, "texture": "#1"},
				"up": {"uv": [12, 12, 12, 13], "rotation": 270, "texture": "#1"},
				"down": {"uv": [12, 12, 12, 13], "rotation": 270, "texture": "#1"}
			}
		},
		{
			"from": [7.2, 0.46673, 9.52972],
			"to": [7.5, 0.96673, 9.82972],
			"rotation": {"angle": 22.5, "axis": "x", "origin": [6.9, 1.41673, 9.67972]},
			"faces": {
				"north": {"uv": [11, 12, 11.3, 12.5], "texture": "#1"},
				"east": {"uv": [12, 12, 12, 13], "rotation": 270, "texture": "#1"},
				"south": {"uv": [12, 12, 12, 13], "rotation": 270, "texture": "#1"},
				"west": {"uv": [12, 12, 12, 13], "rotation": 270, "texture": "#1"},
				"up": {"uv": [12, 12, 12, 13], "rotation": 270, "texture": "#1"},
				"down": {"uv": [12, 12, 12, 13], "rotation": 270, "texture": "#1"}
			}
		},
		{
			"from": [7.9, 0.46673, 9.52972],
			"to": [8.2, 0.96673, 9.82972],
			"rotation": {"angle": 22.5, "axis": "x", "origin": [6.9, 1.41673, 9.67972]},
			"faces": {
				"north": {"uv": [11, 12, 11.3, 12.5], "texture": "#1"},
				"east": {"uv": [12, 12, 12, 13], "rotation": 270, "texture": "#1"},
				"south": {"uv": [12, 12, 12, 13], "rotation": 270, "texture": "#1"},
				"west": {"uv": [12, 12, 12, 13], "rotation": 270, "texture": "#1"},
				"up": {"uv": [12, 12, 12, 13], "rotation": 270, "texture": "#1"},
				"down": {"uv": [12, 12, 12, 13], "rotation": 270, "texture": "#1"}
			}
		},
		{
			"from": [6.5, -0.16967, 5.74896],
			"to": [6.8, 0.33033, 6.04896],
			"rotation": {"angle": -22.5, "axis": "x", "origin": [6.9, 2.18033, 4.39896]},
			"faces": {
				"north": {"uv": [11, 12, 11.3, 12.5], "texture": "#1"},
				"east": {"uv": [12, 12, 12, 13], "rotation": 270, "texture": "#1"},
				"south": {"uv": [12, 12, 12, 13], "rotation": 270, "texture": "#1"},
				"west": {"uv": [12, 12, 12, 13], "rotation": 270, "texture": "#1"},
				"up": {"uv": [12, 12, 12, 13], "rotation": 270, "texture": "#1"},
				"down": {"uv": [12, 12, 12, 13], "rotation": 270, "texture": "#1"}
			}
		},
		{
			"from": [5.8, -0.16967, 5.74896],
			"to": [6.1, 0.33033, 6.04896],
			"rotation": {"angle": -22.5, "axis": "x", "origin": [6.9, 2.18033, 4.39896]},
			"faces": {
				"north": {"uv": [11, 12, 11.3, 12.5], "texture": "#1"},
				"east": {"uv": [12, 12, 12, 13], "rotation": 270, "texture": "#1"},
				"south": {"uv": [12, 12, 12, 13], "rotation": 270, "texture": "#1"},
				"west": {"uv": [12, 12, 12, 13], "rotation": 270, "texture": "#1"},
				"up": {"uv": [12, 12, 12, 13], "rotation": 270, "texture": "#1"},
				"down": {"uv": [12, 12, 12, 13], "rotation": 270, "texture": "#1"}
			}
		},
		{
			"from": [7.2, -0.16967, 5.74896],
			"to": [7.5, 0.33033, 6.04896],
			"rotation": {"angle": -22.5, "axis": "x", "origin": [6.9, 2.18033, 4.39896]},
			"faces": {
				"north": {"uv": [11, 12, 11.3, 12.5], "texture": "#1"},
				"east": {"uv": [12, 12, 12, 13], "rotation": 270, "texture": "#1"},
				"south": {"uv": [12, 12, 12, 13], "rotation": 270, "texture": "#1"},
				"west": {"uv": [12, 12, 12, 13], "rotation": 270, "texture": "#1"},
				"up": {"uv": [12, 12, 12, 13], "rotation": 270, "texture": "#1"},
				"down": {"uv": [12, 12, 12, 13], "rotation": 270, "texture": "#1"}
			}
		},
		{
			"from": [8.7, 2.53033, 8.74896],
			"to": [9, 3.03033, 9.24896],
			"rotation": {"angle": 0, "axis": "y", "origin": [7, 0.83033, 6.39896]},
			"faces": {
				"north": {"uv": [11, 12, 11.3, 12.5], "texture": "#1"},
				"east": {"uv": [12, 12, 12, 13], "rotation": 270, "texture": "#1"},
				"south": {"uv": [12, 12, 12, 13], "rotation": 270, "texture": "#1"},
				"west": {"uv": [12, 12, 12, 13], "rotation": 270, "texture": "#1"},
				"up": {"uv": [12, 12, 12, 13], "rotation": 270, "texture": "#1"},
				"down": {"uv": [12, 12, 12, 13], "rotation": 270, "texture": "#1"}
			}
		},
		{
			"from": [8.7, 3.13033, 8.74896],
			"to": [9, 3.63033, 9.24896],
			"rotation": {"angle": 0, "axis": "y", "origin": [7, 0.83033, 6.39896]},
			"faces": {
				"north": {"uv": [11, 12, 11.3, 12.5], "texture": "#1"},
				"east": {"uv": [12, 12, 12, 13], "rotation": 270, "texture": "#1"},
				"south": {"uv": [12, 12, 12, 13], "rotation": 270, "texture": "#1"},
				"west": {"uv": [12, 12, 12, 13], "rotation": 270, "texture": "#1"},
				"up": {"uv": [12, 12, 12, 13], "rotation": 270, "texture": "#1"},
				"down": {"uv": [12, 12, 12, 13], "rotation": 270, "texture": "#1"}
			}
		},
		{
			"from": [8.7, 2.53033, 8.04896],
			"to": [9, 3.03033, 8.54896],
			"rotation": {"angle": 0, "axis": "y", "origin": [7, 0.83033, 6.39896]},
			"faces": {
				"north": {"uv": [11, 12, 11.3, 12.5], "texture": "#1"},
				"east": {"uv": [12, 12, 12, 13], "rotation": 270, "texture": "#1"},
				"south": {"uv": [12, 12, 12, 13], "rotation": 270, "texture": "#1"},
				"west": {"uv": [12, 12, 12, 13], "rotation": 270, "texture": "#1"},
				"up": {"uv": [12, 12, 12, 13], "rotation": 270, "texture": "#1"},
				"down": {"uv": [12, 12, 12, 13], "rotation": 270, "texture": "#1"}
			}
		},
		{
			"from": [8.7, 3.13033, 8.04896],
			"to": [9, 3.63033, 8.54896],
			"rotation": {"angle": 0, "axis": "y", "origin": [7, 0.83033, 6.39896]},
			"faces": {
				"north": {"uv": [11, 12, 11.3, 12.5], "texture": "#1"},
				"east": {"uv": [12, 12, 12, 13], "rotation": 270, "texture": "#1"},
				"south": {"uv": [12, 12, 12, 13], "rotation": 270, "texture": "#1"},
				"west": {"uv": [12, 12, 12, 13], "rotation": 270, "texture": "#1"},
				"up": {"uv": [12, 12, 12, 13], "rotation": 270, "texture": "#1"},
				"down": {"uv": [12, 12, 12, 13], "rotation": 270, "texture": "#1"}
			}
		},
		{
			"from": [8.7, 3.13033, 6.74896],
			"to": [9, 3.63033, 7.24896],
			"rotation": {"angle": 0, "axis": "y", "origin": [7, 0.83033, 6.39896]},
			"faces": {
				"north": {"uv": [11, 12, 11.3, 12.5], "texture": "#1"},
				"east": {"uv": [12, 12, 12, 13], "rotation": 270, "texture": "#1"},
				"south": {"uv": [12, 12, 12, 13], "rotation": 270, "texture": "#1"},
				"west": {"uv": [12, 12, 12, 13], "rotation": 270, "texture": "#1"},
				"up": {"uv": [12, 12, 12, 13], "rotation": 270, "texture": "#1"},
				"down": {"uv": [12, 12, 12, 13], "rotation": 270, "texture": "#1"}
			}
		},
		{
			"from": [8.7, 3.13033, 7.44896],
			"to": [9, 3.63033, 7.94896],
			"rotation": {"angle": 0, "axis": "y", "origin": [7, 0.83033, 6.39896]},
			"faces": {
				"north": {"uv": [11, 12, 11.3, 12.5], "texture": "#1"},
				"east": {"uv": [12, 12, 12, 13], "rotation": 270, "texture": "#1"},
				"south": {"uv": [12, 12, 12, 13], "rotation": 270, "texture": "#1"},
				"west": {"uv": [12, 12, 12, 13], "rotation": 270, "texture": "#1"},
				"up": {"uv": [12, 12, 12, 13], "rotation": 270, "texture": "#1"},
				"down": {"uv": [12, 12, 12, 13], "rotation": 270, "texture": "#1"}
			}
		},
		{
			"from": [8.7, 2.53033, 7.44896],
			"to": [9, 3.03033, 7.94896],
			"rotation": {"angle": 0, "axis": "y", "origin": [7, 0.83033, 6.39896]},
			"faces": {
				"north": {"uv": [11, 12, 11.3, 12.5], "texture": "#1"},
				"east": {"uv": [12, 12, 12, 13], "rotation": 270, "texture": "#1"},
				"south": {"uv": [12, 12, 12, 13], "rotation": 270, "texture": "#1"},
				"west": {"uv": [12, 12, 12, 13], "rotation": 270, "texture": "#1"},
				"up": {"uv": [12, 12, 12, 13], "rotation": 270, "texture": "#1"},
				"down": {"uv": [12, 12, 12, 13], "rotation": 270, "texture": "#1"}
			}
		},
		{
			"from": [8.7, 2.53033, 6.74896],
			"to": [9, 3.03033, 7.24896],
			"rotation": {"angle": 0, "axis": "y", "origin": [7, 0.83033, 6.39896]},
			"faces": {
				"north": {"uv": [11, 12, 11.3, 12.5], "texture": "#1"},
				"east": {"uv": [12, 12, 12, 13], "rotation": 270, "texture": "#1"},
				"south": {"uv": [12, 12, 12, 13], "rotation": 270, "texture": "#1"},
				"west": {"uv": [12, 12, 12, 13], "rotation": 270, "texture": "#1"},
				"up": {"uv": [12, 12, 12, 13], "rotation": 270, "texture": "#1"},
				"down": {"uv": [12, 12, 12, 13], "rotation": 270, "texture": "#1"}
			}
		},
		{
			"from": [8.7, 1.93033, 6.74896],
			"to": [9, 2.43033, 7.24896],
			"rotation": {"angle": 0, "axis": "y", "origin": [7, 0.83033, 6.39896]},
			"faces": {
				"north": {"uv": [11, 12, 11.3, 12.5], "texture": "#1"},
				"east": {"uv": [12, 12, 12, 13], "rotation": 270, "texture": "#1"},
				"south": {"uv": [12, 12, 12, 13], "rotation": 270, "texture": "#1"},
				"west": {"uv": [12, 12, 12, 13], "rotation": 270, "texture": "#1"},
				"up": {"uv": [12, 12, 12, 13], "rotation": 270, "texture": "#1"},
				"down": {"uv": [12, 12, 12, 13], "rotation": 270, "texture": "#1"}
			}
		},
		{
			"from": [8.7, 1.93033, 7.44896],
			"to": [9, 2.43033, 7.94896],
			"rotation": {"angle": 0, "axis": "y", "origin": [7, 0.83033, 6.39896]},
			"faces": {
				"north": {"uv": [11, 12, 11.3, 12.5], "texture": "#1"},
				"east": {"uv": [12, 12, 12, 13], "rotation": 270, "texture": "#1"},
				"south": {"uv": [12, 12, 12, 13], "rotation": 270, "texture": "#1"},
				"west": {"uv": [12, 12, 12, 13], "rotation": 270, "texture": "#1"},
				"up": {"uv": [12, 12, 12, 13], "rotation": 270, "texture": "#1"},
				"down": {"uv": [12, 12, 12, 13], "rotation": 270, "texture": "#1"}
			}
		},
		{
			"from": [8.7, 1.93033, 8.04896],
			"to": [9, 2.43033, 8.54896],
			"rotation": {"angle": 0, "axis": "y", "origin": [7, 0.83033, 6.39896]},
			"faces": {
				"north": {"uv": [11, 12, 11.3, 12.5], "texture": "#1"},
				"east": {"uv": [12, 12, 12, 13], "rotation": 270, "texture": "#1"},
				"south": {"uv": [12, 12, 12, 13], "rotation": 270, "texture": "#1"},
				"west": {"uv": [12, 12, 12, 13], "rotation": 270, "texture": "#1"},
				"up": {"uv": [12, 12, 12, 13], "rotation": 270, "texture": "#1"},
				"down": {"uv": [12, 12, 12, 13], "rotation": 270, "texture": "#1"}
			}
		},
		{
			"from": [8.7, 1.93033, 8.74896],
			"to": [9, 2.43033, 9.24896],
			"rotation": {"angle": 0, "axis": "y", "origin": [7, 0.83033, 6.39896]},
			"faces": {
				"north": {"uv": [11, 12, 11.3, 12.5], "texture": "#1"},
				"east": {"uv": [12, 12, 12, 13], "rotation": 270, "texture": "#1"},
				"south": {"uv": [12, 12, 12, 13], "rotation": 270, "texture": "#1"},
				"west": {"uv": [12, 12, 12, 13], "rotation": 270, "texture": "#1"},
				"up": {"uv": [12, 12, 12, 13], "rotation": 270, "texture": "#1"},
				"down": {"uv": [12, 12, 12, 13], "rotation": 270, "texture": "#1"}
			}
		},
		{
			"from": [7.9, -0.16967, 5.74896],
			"to": [8.2, 0.33033, 6.04896],
			"rotation": {"angle": -22.5, "axis": "x", "origin": [6.9, 2.18033, 4.39896]},
			"faces": {
				"north": {"uv": [11, 12, 11.3, 12.5], "texture": "#1"},
				"east": {"uv": [12, 12, 12, 13], "rotation": 270, "texture": "#1"},
				"south": {"uv": [12, 12, 12, 13], "rotation": 270, "texture": "#1"},
				"west": {"uv": [12, 12, 12, 13], "rotation": 270, "texture": "#1"},
				"up": {"uv": [12, 12, 12, 13], "rotation": 270, "texture": "#1"},
				"down": {"uv": [12, 12, 12, 13], "rotation": 270, "texture": "#1"}
			}
		},
		{
			"from": [9.0271, 3.27496, 7.54896],
			"to": [9.6271, 4.47496, 8.74896],
			"rotation": {"angle": 0, "axis": "z", "origin": [7.0271, 3.52496, 8.14896]},
			"faces": {
				"north": {"uv": [12, 12, 11.2, 12.6], "rotation": 270, "texture": "#1"},
				"east": {"uv": [12, 12, 12, 13], "rotation": 270, "texture": "#1"},
				"south": {"uv": [12, 12, 12, 13], "rotation": 270, "texture": "#1"},
				"west": {"uv": [12, 12, 12, 13], "rotation": 270, "texture": "#1"},
				"up": {"uv": [12, 12, 12, 13], "rotation": 270, "texture": "#1"},
				"down": {"uv": [12, 12, 12, 13], "rotation": 270, "texture": "#1"}
			}
		},
		{
			"from": [6.1, 5.63033, 7.54896],
			"to": [8.9, 6.23033, 8.74896],
			"rotation": {"angle": 0, "axis": "y", "origin": [7, 0.03033, 6.39896]},
			"faces": {
				"north": {"uv": [12, 12, 12.8, 12.6], "texture": "#1"},
				"east": {"uv": [12, 12, 12, 13], "rotation": 270, "texture": "#1"},
				"south": {"uv": [12, 12, 12, 13], "rotation": 270, "texture": "#1"},
				"west": {"uv": [12, 12, 12, 13], "rotation": 270, "texture": "#1"},
				"up": {"uv": [12, 12, 12, 13], "rotation": 270, "texture": "#1"},
				"down": {"uv": [12, 12, 12, 13], "rotation": 270, "texture": "#1"}
			}
		},
		{
			"from": [8.5, 1.03033, 8.74896],
			"to": [8.8, 1.53033, 9.24896],
			"rotation": {"angle": -22.5, "axis": "z", "origin": [8.85, 1.18033, 7.99896]},
			"faces": {
				"north": {"uv": [11, 12, 11.3, 12.5], "texture": "#1"},
				"east": {"uv": [12, 12, 12, 13], "rotation": 270, "texture": "#1"},
				"south": {"uv": [12, 12, 12, 13], "rotation": 270, "texture": "#1"},
				"west": {"uv": [12, 12, 12, 13], "rotation": 270, "texture": "#1"},
				"up": {"uv": [12, 12, 12, 13], "rotation": 270, "texture": "#1"},
				"down": {"uv": [12, 12, 12, 13], "rotation": 270, "texture": "#1"}
			}
		},
		{
			"from": [8.5, 1.03033, 8.04896],
			"to": [8.8, 1.53033, 8.54896],
			"rotation": {"angle": -22.5, "axis": "z", "origin": [8.85, 1.18033, 7.99896]},
			"faces": {
				"north": {"uv": [11, 12, 11.3, 12.5], "texture": "#1"},
				"east": {"uv": [12, 12, 12, 13], "rotation": 270, "texture": "#1"},
				"south": {"uv": [12, 12, 12, 13], "rotation": 270, "texture": "#1"},
				"west": {"uv": [12, 12, 12, 13], "rotation": 270, "texture": "#1"},
				"up": {"uv": [12, 12, 12, 13], "rotation": 270, "texture": "#1"},
				"down": {"uv": [12, 12, 12, 13], "rotation": 270, "texture": "#1"}
			}
		},
		{
			"from": [8.5, 1.03033, 7.44896],
			"to": [8.8, 1.53033, 7.94896],
			"rotation": {"angle": -22.5, "axis": "z", "origin": [8.85, 1.18033, 7.99896]},
			"faces": {
				"north": {"uv": [11, 12, 11.3, 12.5], "texture": "#1"},
				"east": {"uv": [12, 12, 12, 13], "rotation": 270, "texture": "#1"},
				"south": {"uv": [12, 12, 12, 13], "rotation": 270, "texture": "#1"},
				"west": {"uv": [12, 12, 12, 13], "rotation": 270, "texture": "#1"},
				"up": {"uv": [12, 12, 12, 13], "rotation": 270, "texture": "#1"},
				"down": {"uv": [12, 12, 12, 13], "rotation": 270, "texture": "#1"}
			}
		},
		{
			"from": [8.5, 1.03033, 6.74896],
			"to": [8.8, 1.53033, 7.24896],
			"rotation": {"angle": -22.5, "axis": "z", "origin": [8.85, 1.18033, 7.99896]},
			"faces": {
				"north": {"uv": [11, 12, 11.3, 12.5], "texture": "#1"},
				"east": {"uv": [12, 12, 12, 13], "rotation": 270, "texture": "#1"},
				"south": {"uv": [12, 12, 12, 13], "rotation": 270, "texture": "#1"},
				"west": {"uv": [12, 12, 12, 13], "rotation": 270, "texture": "#1"},
				"up": {"uv": [12, 12, 12, 13], "rotation": 270, "texture": "#1"},
				"down": {"uv": [12, 12, 12, 13], "rotation": 270, "texture": "#1"}
			}
		},
		{
			"from": [8.5, 0.33033, 8.84896],
			"to": [8.8, 0.83033, 9.14896],
			"rotation": {"angle": -22.5, "axis": "z", "origin": [8.85, 1.18033, 7.99896]},
			"faces": {
				"north": {"uv": [11, 12, 11.3, 12.5], "texture": "#1"},
				"east": {"uv": [12, 12, 12, 13], "rotation": 270, "texture": "#1"},
				"south": {"uv": [12, 12, 12, 13], "rotation": 270, "texture": "#1"},
				"west": {"uv": [12, 12, 12, 13], "rotation": 270, "texture": "#1"},
				"up": {"uv": [12, 12, 12, 13], "rotation": 270, "texture": "#1"},
				"down": {"uv": [12, 12, 12, 13], "rotation": 270, "texture": "#1"}
			}
		},
		{
			"from": [8.5, 0.33033, 8.14896],
			"to": [8.8, 0.83033, 8.44896],
			"rotation": {"angle": -22.5, "axis": "z", "origin": [8.85, 1.18033, 7.99896]},
			"faces": {
				"north": {"uv": [11, 12, 11.3, 12.5], "texture": "#1"},
				"east": {"uv": [12, 12, 12, 13], "rotation": 270, "texture": "#1"},
				"south": {"uv": [12, 12, 12, 13], "rotation": 270, "texture": "#1"},
				"west": {"uv": [12, 12, 12, 13], "rotation": 270, "texture": "#1"},
				"up": {"uv": [12, 12, 12, 13], "rotation": 270, "texture": "#1"},
				"down": {"uv": [12, 12, 12, 13], "rotation": 270, "texture": "#1"}
			}
		},
		{
			"from": [8.5, 0.33033, 7.54896],
			"to": [8.8, 0.83033, 7.84896],
			"rotation": {"angle": -22.5, "axis": "z", "origin": [8.85, 1.18033, 7.99896]},
			"faces": {
				"north": {"uv": [11, 12, 11.3, 12.5], "texture": "#1"},
				"east": {"uv": [12, 12, 12, 13], "rotation": 270, "texture": "#1"},
				"south": {"uv": [12, 12, 12, 13], "rotation": 270, "texture": "#1"},
				"west": {"uv": [12, 12, 12, 13], "rotation": 270, "texture": "#1"},
				"up": {"uv": [12, 12, 12, 13], "rotation": 270, "texture": "#1"},
				"down": {"uv": [12, 12, 12, 13], "rotation": 270, "texture": "#1"}
			}
		},
		{
			"from": [8.5, 0.33033, 6.84896],
			"to": [8.8, 0.83033, 7.14896],
			"rotation": {"angle": -22.5, "axis": "z", "origin": [8.85, 1.18033, 7.99896]},
			"faces": {
				"north": {"uv": [11, 12, 11.3, 12.5], "texture": "#1"},
				"east": {"uv": [12, 12, 12, 13], "rotation": 270, "texture": "#1"},
				"south": {"uv": [12, 12, 12, 13], "rotation": 270, "texture": "#1"},
				"west": {"uv": [12, 12, 12, 13], "rotation": 270, "texture": "#1"},
				"up": {"uv": [12, 12, 12, 13], "rotation": 270, "texture": "#1"},
				"down": {"uv": [12, 12, 12, 13], "rotation": 270, "texture": "#1"}
			}
		},
		{
			"from": [8.20761, 5.03827, 7.3],
			"to": [9.20761, 5.13827, 7.5],
			"rotation": {"angle": 0, "axis": "y", "origin": [6.30761, 4.13827, 6.5]},
			"faces": {
				"north": {"uv": [0, 0, 1, 1.1], "texture": "#0"},
				"east": {"uv": [0, 0, 1, 1.1], "texture": "#0"},
				"south": {"uv": [0, 0, 1, 1.1], "texture": "#0"},
				"west": {"uv": [0, 0, 1, 1.1], "texture": "#0"},
				"up": {"uv": [0, 0, 1, 1.1], "texture": "#0"},
				"down": {"uv": [0, 0, 1, 1.1], "texture": "#0"}
			}
		},
		{
			"from": [9.12643, 5.48275, 7.3],
			"to": [9.22643, 5.88275, 7.5],
			"rotation": {"angle": 22.5, "axis": "z", "origin": [8.47643, 5.98275, 7.4]},
			"faces": {
				"north": {"uv": [0, 0, 1, 1.1], "texture": "#0"},
				"east": {"uv": [0, 0, 1, 1.1], "texture": "#0"},
				"south": {"uv": [0, 0, 1, 1.1], "texture": "#0"},
				"west": {"uv": [0, 0, 1, 1.1], "texture": "#0"},
				"up": {"uv": [0, 0, 1, 1.1], "texture": "#0"},
				"down": {"uv": [0, 0, 1, 1.1], "texture": "#0"}
			}
		},
		{
			"from": [8.20761, 6.07737, 7.3],
			"to": [9.20761, 6.17737, 7.5],
			"rotation": {"angle": 0, "axis": "y", "origin": [6.30761, 4.77737, 6.5]},
			"faces": {
				"north": {"uv": [0, 0, 1, 1.1], "texture": "#0"},
				"east": {"uv": [0, 0, 1, 1.1], "texture": "#0"},
				"south": {"uv": [0, 0, 1, 1.1], "texture": "#0"},
				"west": {"uv": [0, 0, 1, 1.1], "texture": "#0"},
				"up": {"uv": [0, 0, 1, 1.1], "texture": "#0"},
				"down": {"uv": [0, 0, 1, 1.1], "texture": "#0"}
			}
		},
		{
			"from": [8.03592, 5.31424, 7.3],
			"to": [8.13592, 5.71424, 7.5],
			"rotation": {"angle": -22.5, "axis": "z", "origin": [9.28592, 5.51424, 7.4]},
			"faces": {
				"north": {"uv": [0, 0, 1, 1.1], "texture": "#0"},
				"east": {"uv": [0, 0, 1, 1.1], "texture": "#0"},
				"south": {"uv": [0, 0, 1, 1.1], "texture": "#0"},
				"west": {"uv": [0, 0, 1, 1.1], "texture": "#0"},
				"up": {"uv": [0, 0, 1, 1.1], "texture": "#0"},
				"down": {"uv": [0, 0, 1, 1.1], "texture": "#0"}
			}
		},
		{
			"from": [8.05454, 5.40782, 7.3],
			"to": [8.15454, 5.80782, 7.5],
			"rotation": {"angle": 0, "axis": "z", "origin": [8.10454, 5.60782, 7.4]},
			"faces": {
				"north": {"uv": [0, 0, 1, 1.1], "texture": "#0"},
				"east": {"uv": [0, 0, 1, 1.1], "texture": "#0"},
				"south": {"uv": [0, 0, 1, 1.1], "texture": "#0"},
				"west": {"uv": [0, 0, 1, 1.1], "texture": "#0"},
				"up": {"uv": [0, 0, 1, 1.1], "texture": "#0"},
				"down": {"uv": [0, 0, 1, 1.1], "texture": "#0"}
			}
		},
		{
			"from": [8.01246, 5.01934, 7.3],
			"to": [8.11246, 5.41934, 7.5],
			"rotation": {"angle": 22.5, "axis": "z", "origin": [8.06246, 5.51934, 7.4]},
			"faces": {
				"north": {"uv": [0, 0, 1, 1.1], "texture": "#0"},
				"east": {"uv": [0, 0, 1, 1.1], "texture": "#0"},
				"south": {"uv": [0, 0, 1, 1.1], "texture": "#0"},
				"west": {"uv": [0, 0, 1, 1.1], "texture": "#0"},
				"up": {"uv": [0, 0, 1, 1.1], "texture": "#0"},
				"down": {"uv": [0, 0, 1, 1.1], "texture": "#0"}
			}
		},
		{
			"from": [9.34103, 5.01173, 7.3],
			"to": [9.44103, 5.41173, 7.5],
			"rotation": {"angle": -22.5, "axis": "z", "origin": [9.39103, 5.61173, 7.4]},
			"faces": {
				"north": {"uv": [0, 0, 1, 1.1], "texture": "#0"},
				"east": {"uv": [0, 0, 1, 1.1], "texture": "#0"},
				"south": {"uv": [0, 0, 1, 1.1], "texture": "#0"},
				"west": {"uv": [0, 0, 1, 1.1], "texture": "#0"},
				"up": {"uv": [0, 0, 1, 1.1], "texture": "#0"},
				"down": {"uv": [0, 0, 1, 1.1], "texture": "#0"}
			}
		},
		{
			"from": [9.26069, 5.40782, 7.3],
			"to": [9.36069, 5.80782, 7.5],
			"rotation": {"angle": 0, "axis": "y", "origin": [9.31069, 5.60782, 7.4]},
			"faces": {
				"north": {"uv": [0, 0, 1, 1.1], "texture": "#0"},
				"east": {"uv": [0, 0, 1, 1.1], "texture": "#0"},
				"south": {"uv": [0, 0, 1, 1.1], "texture": "#0"},
				"west": {"uv": [0, 0, 1, 1.1], "texture": "#0"},
				"up": {"uv": [0, 0, 1, 1.1], "texture": "#0"},
				"down": {"uv": [0, 0, 1, 1.1], "texture": "#0"}
			}
		}
	],
	"gui_light": "front",
	"display": {
		"thirdperson_righthand": {
			"translation": [0.25, 1.75, -0.75],
			"scale": [0.5, 0.5, 0.5]
		},
		"thirdperson_lefthand": {
			"translation": [0.25, 1.75, -0.75],
			"scale": [0.5, 0.5, 0.5]
		},
		"firstperson_righthand": {
			"rotation": [0, 147, 0],
			"translation": [1.75, 8, 0.5]
		},
		"firstperson_lefthand": {
			"rotation": [0, 147, 0],
			"translation": [3.25, 8, 0.5]
		},
		"ground": {
			"rotation": [91, 0, 0],
			"translation": [0, -2.75, 2.75]
		},
		"gui": {
			"rotation": [18, 165, 0],
			"translation": [-2, 9.25, 0],
			"scale": [2, 2, 2]
		},
		"fixed": {
			"rotation": [18, 165, 0],
			"translation": [-2, 9.25, 0],
			"scale": [2, 2, 2]
		}
	},
	"groups": [
		{
			"name": "body",
			"origin": [7, 0.83033, 6.39896],
			"color": 0,
			"children": [0, 1, 2, 3, 4, 5, 6, 7, 8, 9, 10, 11, 12, 13, 14, 15, 16, 17, 18, 19, 20, 21, 22, 23, 24, 25, 26, 27, 28, 29, 30, 31, 32, 33, 34, 35, 36, 37, 38, 39, 40, 41, 42, 43, 44, 45, 46, 47, 48, 49, 50, 51, 52, 53, 54, 55, 56, 57, 58, 59, 60, 61, 62, 63, 64, 65, 66, 67, 68, 69, 70, 71, 72, 73, 74, 75, 76, 77, 78, 79, 80, 81, 82, 83, 84, 85, 86, 87, 88, 89, 90, 91, 92, 93, 94, 95, 96, 97, 98, 99, 100, 101, 102, 103, 104, 105, 106, 107, 108, 109, 110, 111, 112, 113, 114, 115, 116, 117, 118, 119]
		},
		{
			"name": "group",
			"origin": [8, 8, 8],
			"color": 0,
			"children": [120, 121, 122, 123, 124, 125, 126, 127]
		}
	]
}