{
	"credit": "Made with Blockbench",
	"textures": {
		"0": "item/spyglass_model",
		"2": "block/dark_oak_planks",
		"3": "block/anvil",
		"4": "block/gray_concrete",
		"5": "block/andesite",
		"particle": "item/spyglass_model"
	},
	"elements": [
		{
			"from": [-4.7, 4, 6.3],
			"to": [-4.6, 4.7, 7.6],
			"rotation": {"angle": 0, "axis": "y", "origin": [-12.2, 2, 0]},
			"faces": {
				"north": {"uv": [0, 7, 0.1, 7.7], "texture": "#5"},
				"east": {"uv": [0, 7, 0.1, 7.7], "texture": "#5"},
				"south": {"uv": [0, 7, 0.1, 7.7], "texture": "#5"},
				"west": {"uv": [0, 7, 0.1, 7.7], "texture": "#5"},
				"up": {"uv": [0, 7, 0.1, 7.7], "texture": "#5"},
				"down": {"uv": [0, 7, 0.1, 7.7], "texture": "#5"}
			}
		},
		{
			"from": [-8.901, 5.4, 5.9],
			"to": [13.199, 6.3, 8.1],
			"rotation": {"angle": 0, "axis": "y", "origin": [-12.2, 2, 0]},
			"faces": {
				"north": {"uv": [0, 0, 16, 0.9], "texture": "#4"},
				"east": {"uv": [0, 0, 16, 0.9], "texture": "#4"},
				"south": {"uv": [0, 0, 16, 0.9], "texture": "#4"},
				"west": {"uv": [0, 0, 16, 0.9], "texture": "#4"},
				"up": {"uv": [0, 0, 16, 0.9], "texture": "#4"},
				"down": {"uv": [0, 0, 16, 0.9], "texture": "#4"}
			}
		},
		{
			"from": [-5, 6.3, 5.9],
			"to": [9, 8.2, 8.1],
			"rotation": {"angle": 0, "axis": "y", "origin": [-12.2, 2, 0]},
			"faces": {
				"north": {"uv": [16, 7, 3.05, 11], "texture": "#3"},
				"east": {"uv": [0, 0, 2, 2], "texture": "#0"},
				"south": {"uv": [16, 7, 3.05, 11], "texture": "#3"},
				"west": {"uv": [0, 0.1, 2, 2], "texture": "#0"},
				"up": {"uv": [16, 7, 3.05, 11], "texture": "#3"},
				"down": {"uv": [16, 7, 3.05, 11], "texture": "#3"}
			}
		},
		{
			"from": [-13.9, 2, 6],
			"to": [-9.2, 6.1, 8],
			"rotation": {"angle": 0, "axis": "y", "origin": [-12.2, 2, 0]},
			"faces": {
				"north": {"uv": [0, 0, 16, 16], "texture": "#2"},
				"east": {"uv": [0, 0, 16, 16], "texture": "#2"},
				"south": {"uv": [0, 0, 16, 16], "texture": "#2"},
				"west": {"uv": [0, 0, 16, 16], "texture": "#2"},
				"up": {"uv": [0, 0, 16, 16], "texture": "#2"},
				"down": {"uv": [0, 0, 16, 16], "texture": "#2"}
			}
		},
		{
			"from": [-12.5, 5.5, 5.9],
			"to": [-9.6, 6.3, 8.1],
			"rotation": {"angle": 0, "axis": "y", "origin": [-12.2, 2, 0]},
			"faces": {
				"north": {"uv": [0, 0, 16, 16], "texture": "#2"},
				"east": {"uv": [0, 0, 16, 16], "texture": "#2"},
				"south": {"uv": [0, 0, 16, 16], "texture": "#2"},
				"west": {"uv": [0, 0, 16, 16], "texture": "#2"},
				"up": {"uv": [0, 0, 16, 16], "texture": "#2"},
				"down": {"uv": [0, 0, 16, 16], "texture": "#2"}
			}
		},
		{
			"from": [-14.7, 1.9, 5.8],
			"to": [-13.9, 6.2, 8.2],
			"rotation": {"angle": 0, "axis": "y", "origin": [-12.2, 2, 0]},
			"faces": {
				"north": {"uv": [0, 0, 16, 16], "texture": "#2"},
				"east": {"uv": [0, 0, 16, 16], "texture": "#2"},
				"south": {"uv": [0, 0, 16, 16], "texture": "#2"},
				"west": {"uv": [0, 0, 16, 16], "texture": "#2"},
				"up": {"uv": [0, 0, 16, 16], "texture": "#2"},
				"down": {"uv": [0, 0, 16, 16], "texture": "#2"}
			}
		},
		{
			"from": [-14.7, 1.9, 5.8],
			"to": [-13.9, 6.2, 8.2],
			"rotation": {"angle": 0, "axis": "y", "origin": [-12.2, 2, 0]},
			"faces": {
				"north": {"uv": [0, 0, 16, 16], "texture": "#2"},
				"east": {"uv": [0, 0, 16, 16], "texture": "#2"},
				"south": {"uv": [0, 0, 16, 16], "texture": "#2"},
				"west": {"uv": [0, 0, 16, 16], "texture": "#2"},
				"up": {"uv": [0, 0, 16, 16], "texture": "#2"},
				"down": {"uv": [0, 0, 16, 16], "texture": "#2"}
			}
		},
		{
			"from": [13.1, 4.3, 6.2],
			"to": [25.2, 5.7, 7.8],
			"rotation": {"angle": 0, "axis": "y", "origin": [-12.2, 2, 0]},
			"faces": {
				"north": {"uv": [0, 0, 12.1, 1.4], "texture": "#3"},
				"east": {"uv": [0, 0, 1.6, 1.4], "texture": "#3"},
				"south": {"uv": [0, 0, 12.1, 1.4], "texture": "#3"},
				"west": {"uv": [0, 0, 1.6, 1.4], "texture": "#3"},
				"up": {"uv": [0, 0, 12.1, 1.6], "texture": "#3"},
				"down": {"uv": [0, 0, 12.1, 1.6], "texture": "#3"}
			}
		},
		{
			"from": [0.9, 3.7, 6.005],
			"to": [10.7, 4.4, 8.005],
			"rotation": {"angle": 0, "axis": "y", "origin": [-12.2, 2, 0]},
			"faces": {
				"north": {"uv": [0, 0, 9.8, 0.7], "texture": "#3"},
				"east": {"uv": [0, 0, 2, 0.7], "texture": "#3"},
				"south": {"uv": [0, 0, 9.8, 0.7], "texture": "#3"},
				"west": {"uv": [0, 0, 2, 0.7], "texture": "#3"},
				"up": {"uv": [0, 0, 9.8, 2], "texture": "#3"},
				"down": {"uv": [0, 0, 9.8, 2], "texture": "#3"}
			}
		},
		{
			"from": [1.7, 4, 6.006],
			"to": [13.2, 4.4, 8.006],
			"rotation": {"angle": 0, "axis": "y", "origin": [-12.2, 2, 0]},
			"faces": {
				"north": {"uv": [0, 0, 11.5, 0.4], "texture": "#3"},
				"east": {"uv": [0, 0, 2, 0.4], "texture": "#3"},
				"south": {"uv": [0, 0, 11.5, 0.4], "texture": "#3"},
				"west": {"uv": [0, 0, 2, 0.4], "texture": "#3"},
				"up": {"uv": [0, 0, 11.5, 2], "texture": "#3"},
				"down": {"uv": [0, 0, 11.5, 2], "texture": "#3"}
			}
		},
		{
			"from": [-0.93484, 3.94127, 6.003],
			"to": [-0.13484, 6.34127, 7.803],
			"rotation": {"angle": -22.5, "axis": "z", "origin": [-3.03484, 4.84127, 6.9]},
			"faces": {
				"north": {"uv": [0, 0, 0.8, 2.4], "rotation": 180, "texture": "#3"},
				"east": {"uv": [0, 0, 1.8, 2.4], "rotation": 180, "texture": "#3"},
				"south": {"uv": [0, 0, 0.8, 2.4], "rotation": 180, "texture": "#3"},
				"west": {"uv": [0, 0, 1.8, 2.4], "rotation": 180, "texture": "#3"},
				"up": {"uv": [0, 0, 0.8, 1.8], "rotation": 180, "texture": "#3"},
				"down": {"uv": [0, 0, 0.8, 1.8], "rotation": 180, "texture": "#3"}
			}
		},
		{
			"from": [-3.5, 2.9, 6],
			"to": [-0.7, 4.4, 8],
			"rotation": {"angle": 0, "axis": "y", "origin": [-12.2, 2, 0]},
			"faces": {
				"north": {"uv": [0, 0, 2.8, 1.5], "texture": "#3"},
				"east": {"uv": [0, 0, 2, 1.5], "texture": "#3"},
				"south": {"uv": [0, 0, 2.8, 1.5], "texture": "#3"},
				"west": {"uv": [0, 0, 2, 1.5], "texture": "#3"},
				"up": {"uv": [0, 0, 2.8, 2], "texture": "#3"},
				"down": {"uv": [0, 0, 2.8, 2], "texture": "#3"}
			}
		},
		{
			"from": [-4.13797, 3.43466, 6.101],
			"to": [-2.03797, 4.13466, 7.901],
			"rotation": {"angle": 45, "axis": "z", "origin": [-3.38797, 3.43466, 7]},
			"faces": {
				"north": {"uv": [0, 0, 0.7, 2.1], "rotation": 90, "texture": "#3"},
				"east": {"uv": [0, 0, 0.7, 1.8], "rotation": 270, "texture": "#3"},
				"south": {"uv": [0, 0, 0.7, 2.1], "rotation": 270, "texture": "#3"},
				"west": {"uv": [0, 0, 0.7, 1.8], "rotation": 270, "texture": "#3"},
				"up": {"uv": [0, 0, 1.8, 2.1], "rotation": 270, "texture": "#3"},
				"down": {"uv": [0, 0, 1.8, 2.1], "rotation": 270, "texture": "#3"}
			}
		},
		{
			"from": [-3.9, 2.9, 6.1],
			"to": [-0.7, 3.3, 8],
			"rotation": {"angle": 0, "axis": "y", "origin": [-12.2, 2, 0]},
			"faces": {
				"north": {"uv": [0, 0, 3.2, 0.4], "texture": "#3"},
				"east": {"uv": [0, 0, 1.9, 0.4], "texture": "#3"},
				"south": {"uv": [0, 0, 3.2, 0.4], "texture": "#3"},
				"west": {"uv": [0, 0, 1.9, 0.4], "texture": "#3"},
				"up": {"uv": [0, 0, 3.2, 1.9], "texture": "#3"},
				"down": {"uv": [0, 0, 3.2, 1.9], "texture": "#3"}
			}
		},
		{
			"from": [-5.81456, 3.84322, 6.1],
			"to": [-4.31456, 4.04322, 7.9],
			"rotation": {"angle": -22.5, "axis": "z", "origin": [-5.76456, 3.44322, 7]},
			"faces": {
				"north": {"uv": [0, 0, 0.2, 1.5], "rotation": 90, "texture": "#3"},
				"east": {"uv": [0, 0, 0.2, 1.8], "rotation": 270, "texture": "#3"},
				"south": {"uv": [0, 0, 0.2, 1.5], "rotation": 270, "texture": "#3"},
				"west": {"uv": [0, 0, 0.2, 1.8], "rotation": 270, "texture": "#3"},
				"up": {"uv": [0, 0, 1.8, 1.5], "rotation": 270, "texture": "#3"},
				"down": {"uv": [0, 0, 1.8, 1.5], "rotation": 270, "texture": "#3"}
			}
		},
		{
			"from": [-6.91456, 1.94322, 6.001],
			"to": [-5.61456, 4.64322, 8.001],
			"rotation": {"angle": -22.5, "axis": "z", "origin": [-5.76456, 3.44322, 7]},
			"faces": {
				"north": {"uv": [0, 0, 2.7, 1.3], "rotation": 90, "texture": "#3"},
				"east": {"uv": [0, 0, 2.7, 2], "rotation": 270, "texture": "#3"},
				"south": {"uv": [0, 0, 2.7, 1.3], "rotation": 270, "texture": "#3"},
				"west": {"uv": [0, 0, 2.7, 2], "rotation": 270, "texture": "#3"},
				"up": {"uv": [0, 0, 2, 1.3], "rotation": 270, "texture": "#3"},
				"down": {"uv": [0, 0, 2, 1.3], "rotation": 270, "texture": "#3"}
			}
		},
		{
			"from": [-8.9, 2, 6.002],
			"to": [-6.5, 3.2, 8.002],
			"rotation": {"angle": 0, "axis": "y", "origin": [-12.2, 2, 0]},
			"faces": {
				"north": {"uv": [0, 0, 2.4, 1.2], "texture": "#3"},
				"east": {"uv": [0, 0, 2, 1.2], "texture": "#3"},
				"south": {"uv": [0, 0, 2.4, 1.2], "texture": "#3"},
				"west": {"uv": [0, 0, 2, 1.2], "texture": "#3"},
				"up": {"uv": [0, 0, 2.4, 2], "texture": "#3"},
				"down": {"uv": [0, 0, 2.4, 2], "texture": "#3"}
			}
		},
		{
			"from": [-8.59406, 3.06466, 6.001],
			"to": [-7.39406, 3.36466, 8.001],
			"rotation": {"angle": -22.5, "axis": "z", "origin": [-8.49406, 4.41466, 7.001]},
			"faces": {
				"north": {"uv": [0, 0, 1.2, 0.3], "texture": "#3"},
				"east": {"uv": [0, 0, 2, 0.3], "texture": "#3"},
				"south": {"uv": [0, 0, 1.2, 0.3], "texture": "#3"},
				"west": {"uv": [0, 0, 2, 0.3], "texture": "#3"},
				"up": {"uv": [0, 0, 1.2, 2], "texture": "#3"},
				"down": {"uv": [0, 0, 1.2, 2], "texture": "#3"}
			}
		},
		{
			"from": [-9.2, 2, 6],
			"to": [-8.9, 6.1, 8],
			"rotation": {"angle": 0, "axis": "y", "origin": [-12.2, 2, 0]},
			"faces": {
				"north": {"uv": [0, 0, 0.3, 4.1], "texture": "#3"},
				"east": {"uv": [0, 0, 2, 4.1], "texture": "#3"},
				"south": {"uv": [0, 0, 0.3, 4.1], "texture": "#3"},
				"west": {"uv": [0, 0, 2, 4.1], "texture": "#3"},
				"up": {"uv": [0, 0, 0.3, 2], "texture": "#3"},
				"down": {"uv": [0, 0, 0.3, 2], "texture": "#3"}
			}
		},
		{
			"from": [-9.3, 4.9, 6.001],
			"to": [-8.1, 5.2, 8.001],
			"rotation": {"angle": 22.5, "axis": "z", "origin": [-7, 5.25, 7]},
			"faces": {
				"north": {"uv": [0, 0, 1.2, 0.3], "texture": "#3"},
				"east": {"uv": [0, 0, 2, 0.3], "texture": "#3"},
				"south": {"uv": [0, 0, 1.2, 0.3], "texture": "#3"},
				"west": {"uv": [0, 0, 2, 0.3], "texture": "#3"},
				"up": {"uv": [0, 0, 1.2, 2], "texture": "#3"},
				"down": {"uv": [0, 0, 1.2, 2], "texture": "#3"}
			}
		},
		{
			"from": [-8.9, 4.4, 6],
			"to": [13.2, 6.1, 8],
			"rotation": {"angle": 0, "axis": "y", "origin": [-12.2, 2, 0]},
			"faces": {
				"north": {"uv": [0, 0, 16, 1.7], "texture": "#3"},
				"east": {"uv": [0, 0, 2, 1.7], "texture": "#3"},
				"south": {"uv": [0, 0, 16, 1.7], "texture": "#3"},
				"west": {"uv": [0, 0, 2, 1.7], "texture": "#3"},
				"up": {"uv": [0, 0, 16, 2], "texture": "#3"},
				"down": {"uv": [0, 0, 16, 2], "texture": "#3"}
			}
		},
		{
			"from": [-9.2, 2, 6],
			"to": [-6.2, 2.3, 8],
			"rotation": {"angle": 0, "axis": "y", "origin": [-12.2, 2, 0]},
			"faces": {
				"north": {"uv": [0, 0, 3, 0.3], "texture": "#3"},
				"east": {"uv": [0, 0, 2, 0.3], "texture": "#3"},
				"south": {"uv": [0, 0, 3, 0.3], "texture": "#3"},
				"west": {"uv": [0, 0, 2, 0.3], "texture": "#3"},
				"up": {"uv": [0, 0, 3, 2], "texture": "#3"},
				"down": {"uv": [0, 0, 3, 2], "texture": "#3"}
			}
		},
		{
			"from": [-1, 4, 6.006],
			"to": [1.8, 4.4, 8.006],
			"rotation": {"angle": 0, "axis": "y", "origin": [-12.2, 2, 0]},
			"faces": {
				"north": {"uv": [0, 0, 2.8, 0.4], "texture": "#3"},
				"east": {"uv": [0, 0, 2, 0.4], "texture": "#3"},
				"south": {"uv": [0, 0, 2.8, 0.4], "texture": "#3"},
				"west": {"uv": [0, 0, 2, 0.4], "texture": "#3"},
				"up": {"uv": [0, 0, 2.8, 2], "texture": "#3"},
				"down": {"uv": [0, 0, 2.8, 2], "texture": "#3"}
			}
		},
		{
			"from": [21, 5.6, 6.2],
			"to": [25.9, 5.8, 7.7],
			"rotation": {"angle": 0, "axis": "y", "origin": [-12.2, 2, 0]},
			"faces": {
				"north": {"uv": [0, 0, 16, 16], "texture": "#3"},
				"east": {"uv": [0, 0, 16, 16], "texture": "#3"},
				"south": {"uv": [0, 0, 16, 16], "texture": "#3"},
				"west": {"uv": [0, 0, 16, 16], "texture": "#3"},
				"up": {"uv": [0, 0, 16, 16], "texture": "#3"},
				"down": {"uv": [0, 0, 16, 16], "texture": "#3"}
			}
		},
		{
			"from": [21, 4.1, 7.7],
			"to": [25.9, 5.8, 7.9],
			"rotation": {"angle": 0, "axis": "y", "origin": [-12.2, 2, 0]},
			"faces": {
				"north": {"uv": [0, 0, 16, 16], "texture": "#3"},
				"east": {"uv": [0, 0, 16, 16], "texture": "#3"},
				"south": {"uv": [0, 0, 16, 16], "texture": "#3"},
				"west": {"uv": [0, 0, 16, 16], "texture": "#3"},
				"up": {"uv": [0, 0, 16, 16], "texture": "#3"},
				"down": {"uv": [0, 0, 16, 16], "texture": "#3"}
			}
		},
		{
			"from": [21, 4.1, 6],
			"to": [25.9, 5.8, 6.2],
			"rotation": {"angle": 0, "axis": "y", "origin": [-12.2, 2, 0]},
			"faces": {
				"north": {"uv": [0, 0, 16, 16], "texture": "#3"},
				"east": {"uv": [0, 0, 16, 16], "texture": "#3"},
				"south": {"uv": [0, 0, 16, 16], "texture": "#3"},
				"west": {"uv": [0, 0, 16, 16], "texture": "#3"},
				"up": {"uv": [0, 0, 16, 16], "texture": "#3"},
				"down": {"uv": [0, 0, 16, 16], "texture": "#3"}
			}
		},
		{
			"from": [21, 4.1, 6.2],
			"to": [25.9, 4.3, 7.7],
			"rotation": {"angle": 0, "axis": "y", "origin": [-12.2, 2, 0]},
			"faces": {
				"north": {"uv": [0, 0, 16, 16], "texture": "#3"},
				"east": {"uv": [0, 0, 16, 16], "texture": "#3"},
				"south": {"uv": [0, 0, 16, 16], "texture": "#3"},
				"west": {"uv": [0, 0, 16, 16], "texture": "#3"},
				"up": {"uv": [0, 0, 16, 16], "texture": "#3"},
				"down": {"uv": [0, 0, 16, 16], "texture": "#3"}
			}
		},
		{
			"from": [-5.7, 6.4, 8.1],
			"to": [9, 8.2, 8.4],
			"rotation": {"angle": 0, "axis": "y", "origin": [-12.2, 2, 0]},
			"faces": {
				"north": {"uv": [16, 7, 3.05, 11], "texture": "#3"},
				"east": {"uv": [0, 0, 2, 2], "texture": "#3"},
				"south": {"uv": [16, 7, 3.05, 11], "texture": "#3"},
				"west": {"uv": [0, 0.1, 7.9, 6.1], "texture": "#3"},
				"up": {"uv": [16, 7, 3.05, 11], "texture": "#3"},
				"down": {"uv": [16, 7, 3.05, 11], "texture": "#3"}
			}
		},
		{
			"from": [-5.7, 8.2, 5.6],
			"to": [9, 8.5, 8.4],
			"rotation": {"angle": 0, "axis": "y", "origin": [-12.2, 2, 0]},
			"faces": {
				"north": {"uv": [16, 7, 3.05, 11], "texture": "#3"},
				"east": {"uv": [0, 0, 2, 2], "texture": "#3"},
				"south": {"uv": [16, 7, 3.05, 11], "texture": "#3"},
				"west": {"uv": [0, 0.1, 7.9, 6.1], "texture": "#3"},
				"up": {"uv": [16, 7, 3.05, 11], "texture": "#3"},
				"down": {"uv": [16, 7, 3.05, 11], "texture": "#3"}
			}
		},
		{
			"from": [-5.7, 6.4, 5.6],
			"to": [9, 8.2, 5.9],
			"rotation": {"angle": 0, "axis": "y", "origin": [-12.2, 2, 0]},
			"faces": {
				"north": {"uv": [16, 7, 3.05, 11], "texture": "#3"},
				"east": {"uv": [0, 0, 2, 2], "texture": "#3"},
				"south": {"uv": [16, 7, 3.05, 11], "texture": "#3"},
				"west": {"uv": [0, 0.1, 7.9, 6.1], "texture": "#3"},
				"up": {"uv": [16, 7, 3.05, 11], "texture": "#3"},
				"down": {"uv": [16, 7, 3.05, 11], "texture": "#3"}
			}
		},
		{
			"from": [-5.7, 6.3, 5.601],
			"to": [9, 6.4, 8.401],
			"rotation": {"angle": 0, "axis": "y", "origin": [-12.2, 2, 0]},
			"faces": {
				"north": {"uv": [16, 7, 3.05, 11], "texture": "#3"},
				"east": {"uv": [0, 0, 2, 2], "texture": "#3"},
				"south": {"uv": [16, 7, 3.05, 11], "texture": "#3"},
				"west": {"uv": [0, 0.1, 7.9, 6.1], "texture": "#3"},
				"up": {"uv": [16, 7, 3.05, 11], "texture": "#3"},
				"down": {"uv": [16, 7, 3.05, 11], "texture": "#3"}
			}
		}
	],
	"gui_light": "front",
	"display": {
		"thirdperson_righthand": {
			"rotation": [0, 90, 0],
			"translation": [0.75, 3.25, -9],
			"scale": [0.75, 0.75, 0.75]
		},
		"thirdperson_lefthand": {
			"rotation": [0, -90, 0],
			"translation": [-0.75, 3.25, -9],
			"scale": [0.75, 0.75, 0.75]
		},
		"firstperson_righthand": {
			"rotation": [-16, 154, 0],
			"translation": [-14.5, 1.5, -8.75]
		},
		"firstperson_lefthand": {
			"rotation": [0, -97, 0],
			"translation": [12.75, 6.25, -12.25]
		},
		"ground": {
			"rotation": [84, 0, 0],
			"translation": [0, -1, 0]
		},
		"gui": {
			"rotation": [21, 133, 0],
			"translation": [-0.5, 2.5, 0],
			"scale": [0.55, 0.55, 0.55]
		}
	},
	"groups": [
		0,
		1,
		2,
		{
			"name": "group",
			"origin": [-12.2, 2, 0],
			"color": 0,
			"children": [3, 4, 5, 6]
		},
		{
			"name": "group",
			"origin": [-12.2, 2, 0],
			"color": 0,
			"children": [7, 8, 9, 10, 11, 12, 13, 14, 15, 16, 17, 18, 19, 20, 21, 22]
		},
		{
			"name": "group",
			"origin": [-12.2, 2, 0],
			"color": 0,
			"children": [23, 24, 25, 26]
		},
		27,
		28,
		29,
		30
	]
}