{
	"credit": "Made with Blockbench",
	"textures": {
		"0": "block/gray_concrete",
		"2": "block/black_shulker_box",
		"3": "block/anvil",
		"4": "block/light_gray_concrete",
		"5": "block/iron_block",
		"6": "block/red_terracotta",
		"particle": "block/gray_concrete"
	},
	"elements": [
		{
			"from": [4.1, 0.7, 6.2],
			"to": [6.9, 1, 7.8],
			"rotation": {"angle": 0, "axis": "y", "origin": [6, 0.9, 6.5]},
			"faces": {
				"north": {"uv": [0, 0, 1, 1], "texture": "#2"},
				"east": {"uv": [0, 0, 1, 1], "texture": "#2"},
				"south": {"uv": [0, 0, 1, 1], "texture": "#2"},
				"west": {"uv": [0, 0, 1, 1], "texture": "#2"},
				"up": {"uv": [0, 0, 1, 1], "texture": "#2"},
				"down": {"uv": [0, 0, 1, 1], "texture": "#2"}
			}
		},
		{
			"from": [3.9, 0.8, 6],
			"to": [7, 1, 8],
			"rotation": {"angle": 0, "axis": "y", "origin": [6, 0.9, 6.5]},
			"faces": {
				"north": {"uv": [0, 0, 2, 0.2], "texture": "#0"},
				"east": {"uv": [0, 0, 1, 0.2], "texture": "#0"},
				"south": {"uv": [0, 0, 2, 0.2], "texture": "#0"},
				"west": {"uv": [0, 0, 1, 0.2], "texture": "#0"},
				"up": {"uv": [0, 0, 2, 1], "texture": "#0"},
				"down": {"uv": [0, 0, 2, 1], "texture": "#0"}
			}
		},
		{
			"from": [4.4, 0.8, 6],
			"to": [6.7, 1.9, 8],
			"rotation": {"angle": 0, "axis": "y", "origin": [4.9, 0.9, 6.5]},
			"faces": {
				"north": {"uv": [0, 0, 2, 0.2], "texture": "#0"},
				"east": {"uv": [0, 0, 1, 0.2], "texture": "#0"},
				"south": {"uv": [0, 0, 2, 0.2], "texture": "#0"},
				"west": {"uv": [0, 0, 1, 0.2], "texture": "#0"},
				"up": {"uv": [0, 0, 2, 1], "texture": "#0"},
				"down": {"uv": [0, 0, 2, 1], "texture": "#0"}
			}
		},
		{
			"from": [4.27507, 0.88561, 6],
			"to": [4.77507, 6.38561, 8],
			"rotation": {"angle": -22.5, "axis": "z", "origin": [4.37507, 1.88561, 6.5]},
			"faces": {
				"north": {"uv": [0, 0, 3.5, 0.2], "rotation": 90, "texture": "#0"},
				"east": {"uv": [0, 0, 3.5, 1], "rotation": 270, "texture": "#0"},
				"south": {"uv": [0, 0, 3.5, 0.2], "rotation": 270, "texture": "#0"},
				"west": {"uv": [0, 0, 3.5, 1], "rotation": 270, "texture": "#0"},
				"up": {"uv": [0, 0, 1, 0.2], "rotation": 270, "texture": "#0"},
				"down": {"uv": [0, 0, 1, 0.2], "rotation": 270, "texture": "#0"}
			}
		},
		{
			"from": [6.67507, 1.88561, 6],
			"to": [7.17507, 7.38561, 8],
			"rotation": {"angle": -22.5, "axis": "z", "origin": [4.37507, 1.88561, 6.5]},
			"faces": {
				"north": {"uv": [0, 0, 3.5, 0.2], "rotation": 90, "texture": "#0"},
				"east": {"uv": [0, 0, 3.5, 1], "rotation": 270, "texture": "#0"},
				"south": {"uv": [0, 0, 3.5, 0.2], "rotation": 270, "texture": "#0"},
				"west": {"uv": [0, 0, 3.5, 1], "rotation": 270, "texture": "#0"},
				"up": {"uv": [0, 0, 1, 0.2], "rotation": 270, "texture": "#0"},
				"down": {"uv": [0, 0, 1, 0.2], "rotation": 270, "texture": "#0"}
			}
		},
		{
			"from": [4.27507, 1.88561, 6],
			"to": [7.07507, 6.38561, 8],
			"rotation": {"angle": -22.5, "axis": "z", "origin": [4.37507, 1.88561, 6.5]},
			"faces": {
				"north": {"uv": [0, 0, 3.5, 0.2], "rotation": 90, "texture": "#0"},
				"east": {"uv": [0, 0, 3.5, 1], "rotation": 270, "texture": "#0"},
				"south": {"uv": [0, 0, 3.5, 0.2], "rotation": 270, "texture": "#0"},
				"west": {"uv": [0, 0, 3.5, 1], "rotation": 270, "texture": "#0"},
				"up": {"uv": [0, 0, 1, 0.2], "rotation": 270, "texture": "#0"},
				"down": {"uv": [0, 0, 1, 0.2], "rotation": 270, "texture": "#0"}
			}
		},
		{
			"from": [6.39438, 5.02916, 6],
			"to": [8.69438, 6.02916, 8],
			"rotation": {"angle": 0, "axis": "z", "origin": [8.64438, 5.52916, 7]},
			"faces": {
				"north": {"uv": [0, 0, 3.5, 0.2], "rotation": 90, "texture": "#0"},
				"east": {"uv": [0, 0, 3.5, 1], "rotation": 270, "texture": "#0"},
				"south": {"uv": [0, 0, 3.5, 0.2], "rotation": 270, "texture": "#0"},
				"west": {"uv": [0, 0, 3.5, 1], "rotation": 270, "texture": "#0"},
				"up": {"uv": [0, 0, 1, 0.2], "rotation": 270, "texture": "#0"},
				"down": {"uv": [0, 0, 1, 0.2], "rotation": 270, "texture": "#0"}
			}
		},
		{
			"from": [4.4, 0.8, 6],
			"to": [6.7, 1.9, 7],
			"rotation": {"angle": 0, "axis": "y", "origin": [4.9, 0.9, 6.5]},
			"faces": {
				"north": {"uv": [0, 0, 2, 0.2], "texture": "#0"},
				"east": {"uv": [0, 0, 1, 0.2], "texture": "#0"},
				"south": {"uv": [0, 0, 2, 0.2], "texture": "#0"},
				"west": {"uv": [0, 0, 1, 0.2], "texture": "#0"},
				"up": {"uv": [0, 0, 2, 1], "texture": "#0"},
				"down": {"uv": [0, 0, 2, 1], "texture": "#0"}
			}
		},
		{
			"from": [4.4, 0.8, 6],
			"to": [6.7, 1.9, 7],
			"rotation": {"angle": 0, "axis": "y", "origin": [4.9, 0.9, 6.5]},
			"faces": {
				"north": {"uv": [0, 0, 2, 0.2], "texture": "#0"},
				"east": {"uv": [0, 0, 1, 0.2], "texture": "#0"},
				"south": {"uv": [0, 0, 2, 0.2], "texture": "#0"},
				"west": {"uv": [0, 0, 1, 0.2], "texture": "#0"},
				"up": {"uv": [0, 0, 2, 1], "texture": "#0"},
				"down": {"uv": [0, 0, 2, 1], "texture": "#0"}
			}
		},
		{
			"from": [4.4, 3.4, 5.8],
			"to": [7.3, 5.3, 8.2],
			"rotation": {"angle": -22.5, "axis": "z", "origin": [6.5, 1.9, 5.7]},
			"faces": {
				"north": {"uv": [15.2, 13, 16, 13.6], "texture": "#6"},
				"east": {"uv": [15.2, 13, 16, 13.6], "texture": "#6"},
				"south": {"uv": [15.2, 13, 16, 13.6], "texture": "#6"},
				"west": {"uv": [15.2, 13, 16, 13.6], "texture": "#6"},
				"up": {"uv": [15.2, 13, 16, 13.6], "texture": "#6"},
				"down": {"uv": [15.2, 13, 16, 13.6], "texture": "#6"}
			}
		},
		{
			"from": [3.83986, 5.29683, 6],
			"to": [4.03986, 7.79683, 7.9],
			"rotation": {"angle": 45, "axis": "z", "origin": [4.73986, 4.09683, 6.95]},
			"faces": {
				"north": {"uv": [15.2, 13, 16, 13.6], "rotation": 270, "texture": "#6"},
				"east": {"uv": [15.2, 13, 16, 13.6], "rotation": 90, "texture": "#6"},
				"south": {"uv": [15.2, 13, 16, 13.6], "rotation": 90, "texture": "#6"},
				"west": {"uv": [15.2, 13, 16, 13.6], "rotation": 90, "texture": "#6"},
				"up": {"uv": [15.2, 13, 16, 13.6], "rotation": 90, "texture": "#6"},
				"down": {"uv": [15.2, 13, 16, 13.6], "rotation": 90, "texture": "#6"}
			}
		},
		{
			"from": [3.45493, 4.90896, 6],
			"to": [3.55493, 6.00896, 7.9],
			"rotation": {"angle": 0, "axis": "y", "origin": [7.10493, 5.05896, 7]},
			"faces": {
				"north": {"uv": [15.2, 13, 16, 13.6], "texture": "#4"},
				"east": {"uv": [15.2, 13, 16, 13.6], "texture": "#4"},
				"south": {"uv": [15.2, 13, 16, 13.6], "texture": "#4"},
				"west": {"uv": [15.2, 13, 16, 13.6], "texture": "#4"},
				"up": {"uv": [15.2, 13, 16, 13.6], "texture": "#4"},
				"down": {"uv": [15.2, 13, 16, 13.6], "texture": "#4"}
			}
		},
		{
			"from": [3.25493, 4.30896, 6],
			"to": [6.85493, 4.50896, 7.9],
			"rotation": {"angle": 0, "axis": "y", "origin": [7.10493, 5.05896, 7]},
			"faces": {
				"north": {"uv": [15.2, 13, 16, 13.6], "texture": "#6"},
				"east": {"uv": [15.2, 13, 16, 13.6], "texture": "#6"},
				"south": {"uv": [15.2, 13, 16, 13.6], "texture": "#6"},
				"west": {"uv": [15.2, 13, 16, 13.6], "texture": "#6"},
				"up": {"uv": [15.2, 13, 16, 13.6], "texture": "#6"},
				"down": {"uv": [15.2, 13, 16, 13.6], "texture": "#6"}
			}
		},
		{
			"from": [6.1, 5.2, 5.8],
			"to": [7.3, 6, 8.2],
			"rotation": {"angle": -22.5, "axis": "z", "origin": [6.5, 1.9, 5.7]},
			"faces": {
				"north": {"uv": [15.2, 13, 16, 13.6], "texture": "#6"},
				"east": {"uv": [15.2, 13, 16, 13.6], "texture": "#6"},
				"south": {"uv": [15.2, 13, 16, 13.6], "texture": "#6"},
				"west": {"uv": [15.2, 13, 16, 13.6], "texture": "#6"},
				"up": {"uv": [15.2, 13, 16, 13.6], "texture": "#6"},
				"down": {"uv": [15.2, 13, 16, 13.6], "texture": "#6"}
			}
		},
		{
			"from": [7.1, 3.4, 5.8],
			"to": [7.3, 6.3, 8.2],
			"rotation": {"angle": -22.5, "axis": "z", "origin": [6.5, 1.9, 5.7]},
			"faces": {
				"north": {"uv": [15.2, 13, 16, 13.6], "texture": "#6"},
				"east": {"uv": [15.2, 13, 16, 13.6], "texture": "#6"},
				"south": {"uv": [15.2, 13, 16, 13.6], "texture": "#6"},
				"west": {"uv": [15.2, 13, 16, 13.6], "texture": "#6"},
				"up": {"uv": [15.2, 13, 16, 13.6], "texture": "#6"},
				"down": {"uv": [15.2, 13, 16, 13.6], "texture": "#6"}
			}
		},
		{
			"from": [5.83147, 5.59374, 5.8],
			"to": [8.93147, 5.89374, 8.2],
			"rotation": {"angle": 0, "axis": "z", "origin": [7.18147, 5.24374, 7]},
			"faces": {
				"north": {"uv": [15.2, 13, 16, 13.6], "texture": "#6"},
				"east": {"uv": [15.2, 13, 16, 13.6], "texture": "#6"},
				"south": {"uv": [15.2, 13, 16, 13.6], "texture": "#6"},
				"west": {"uv": [15.2, 13, 16, 13.6], "texture": "#6"},
				"up": {"uv": [15.2, 13, 16, 13.6], "texture": "#6"},
				"down": {"uv": [15.2, 13, 16, 13.6], "texture": "#6"}
			}
		},
		{
			"from": [5.83147, 5.19374, 5.8],
			"to": [8.73147, 5.59374, 8.2],
			"rotation": {"angle": 0, "axis": "y", "origin": [7.18147, 5.24374, 7]},
			"faces": {
				"north": {"uv": [15.2, 13, 16, 13.6], "texture": "#6"},
				"east": {"uv": [15.2, 13, 16, 13.6], "texture": "#6"},
				"south": {"uv": [15.2, 13, 16, 13.6], "texture": "#6"},
				"west": {"uv": [15.2, 13, 16, 13.6], "texture": "#6"},
				"up": {"uv": [15.2, 13, 16, 13.6], "texture": "#6"},
				"down": {"uv": [15.2, 13, 16, 13.6], "texture": "#6"}
			}
		},
		{
			"from": [4.2, 1.5, 5.8],
			"to": [7.5, 2.2, 8.2],
			"rotation": {"angle": -22.5, "axis": "z", "origin": [6.5, 1.9, 5.7]},
			"faces": {
				"north": {"uv": [15.2, 13, 16, 13.6], "texture": "#6"},
				"east": {"uv": [15.2, 13, 16, 13.6], "texture": "#6"},
				"south": {"uv": [15.2, 13, 16, 13.6], "texture": "#6"},
				"west": {"uv": [15.2, 13, 16, 13.6], "texture": "#6"},
				"up": {"uv": [15.2, 13, 16, 13.6], "texture": "#6"},
				"down": {"uv": [15.2, 13, 16, 13.6], "texture": "#6"}
			}
		},
		{
			"from": [7.86634, 2.84256, 5.8],
			"to": [8.35334, 5.94256, 8],
			"rotation": {"angle": -22.5, "axis": "z", "origin": [8.10984, 3.24256, 6.45]},
			"faces": {
				"north": {"uv": [16, 1.25, 0, 16], "texture": "#3"},
				"east": {"uv": [16, 1.25, 0, 16], "texture": "#3"},
				"south": {"uv": [16, 1.25, 0, 16], "texture": "#3"},
				"west": {"uv": [16, 1.25, 0, 16], "texture": "#3"},
				"up": {"uv": [16, 1.25, 0, 16], "texture": "#3"},
				"down": {"uv": [16, 1.25, 0, 16], "texture": "#3"}
			}
		},
		{
			"from": [7.51153, 2.35743, 5.8],
			"to": [7.99853, 3.05743, 8],
			"rotation": {"angle": -45, "axis": "z", "origin": [7.70503, 2.70743, 6.45]},
			"faces": {
				"north": {"uv": [16, 1.25, 0, 16], "texture": "#3"},
				"east": {"uv": [16, 1.25, 0, 16], "texture": "#3"},
				"south": {"uv": [16, 1.25, 0, 16], "texture": "#3"},
				"west": {"uv": [16, 1.25, 0, 16], "texture": "#3"},
				"up": {"uv": [16, 1.25, 0, 16], "texture": "#3"},
				"down": {"uv": [16, 1.25, 0, 16], "texture": "#3"}
			}
		},
		{
			"from": [-4.6, 5.4, 5.8],
			"to": [1.9, 5.9, 8.2],
			"rotation": {"angle": 0, "axis": "y", "origin": [6, 0.9, 6.5]},
			"faces": {
				"north": {"uv": [16, 1.25, 0, 16], "texture": "#3"},
				"east": {"uv": [16, 1.25, 0, 16], "texture": "#3"},
				"south": {"uv": [16, 1.25, 0, 16], "texture": "#3"},
				"west": {"uv": [16, 1.25, 0, 16], "texture": "#3"},
				"up": {"uv": [16, 1.25, 0, 16], "texture": "#3"},
				"down": {"uv": [0, 0, 16, 16], "texture": "#3"}
			}
		},
		{
			"from": [8.1, 6.9, 5.7],
			"to": [8.6, 7.2, 8.2],
			"rotation": {"angle": -22.5, "axis": "z", "origin": [11.45, 5.65, 7]},
			"faces": {
				"north": {"uv": [16, 1.25, 0, 16], "texture": "#3"},
				"east": {"uv": [16, 1.25, 0, 16], "texture": "#3"},
				"south": {"uv": [16, 1.25, 0, 16], "texture": "#3"},
				"west": {"uv": [16, 1.25, 0, 16], "texture": "#3"},
				"up": {"uv": [16, 1.25, 0, 16], "texture": "#3"},
				"down": {"uv": [0, 0, 16, 16], "texture": "#3"}
			}
		},
		{
			"from": [8.6, 6.9, 5.7],
			"to": [15.1, 7.4, 8.2],
			"rotation": {"angle": -22.5, "axis": "z", "origin": [11.45, 5.65, 7]},
			"faces": {
				"north": {"uv": [16, 1.25, 0, 16], "texture": "#3"},
				"east": {"uv": [16, 1.25, 0, 16], "texture": "#3"},
				"south": {"uv": [16, 1.25, 0, 16], "texture": "#3"},
				"west": {"uv": [16, 1.25, 0, 16], "texture": "#3"},
				"up": {"uv": [16, 1.25, 0, 16], "texture": "#3"},
				"down": {"uv": [0, 0, 16, 16], "texture": "#3"}
			}
		},
		{
			"from": [8.5, 6.9, 5.7],
			"to": [8.6, 7.3, 8.2],
			"rotation": {"angle": -22.5, "axis": "z", "origin": [11.45, 5.65, 7]},
			"faces": {
				"north": {"uv": [16, 1.25, 0, 16], "texture": "#3"},
				"east": {"uv": [16, 1.25, 0, 16], "texture": "#3"},
				"south": {"uv": [16, 1.25, 0, 16], "texture": "#3"},
				"west": {"uv": [16, 1.25, 0, 16], "texture": "#3"},
				"up": {"uv": [16, 1.25, 0, 16], "texture": "#3"},
				"down": {"uv": [0, 0, 16, 16], "texture": "#3"}
			}
		},
		{
			"from": [7.9, 6.9, 5.7],
			"to": [8.6, 7.1, 8.2],
			"rotation": {"angle": -22.5, "axis": "z", "origin": [11.45, 5.65, 7]},
			"faces": {
				"north": {"uv": [16, 1.25, 0, 16], "texture": "#3"},
				"east": {"uv": [16, 1.25, 0, 16], "texture": "#3"},
				"south": {"uv": [16, 1.25, 0, 16], "texture": "#3"},
				"west": {"uv": [16, 1.25, 0, 16], "texture": "#3"},
				"up": {"uv": [16, 1.25, 0, 16], "texture": "#3"},
				"down": {"uv": [0, 0, 16, 16], "texture": "#3"}
			}
		},
		{
			"from": [8.9, 5.4, 5.8],
			"to": [16.5, 5.9, 8.2],
			"rotation": {"angle": 0, "axis": "y", "origin": [6, 0.9, 6.5]},
			"faces": {
				"north": {"uv": [16, 1.25, 0, 16], "texture": "#3"},
				"east": {"uv": [16, 1.25, 0, 16], "texture": "#3"},
				"south": {"uv": [16, 1.25, 0, 16], "texture": "#3"},
				"west": {"uv": [16, 1.25, 0, 16], "texture": "#3"},
				"up": {"uv": [16, 1.25, 0, 16], "texture": "#3"},
				"down": {"uv": [0, 0, 16, 16], "texture": "#3"}
			}
		},
		{
			"from": [-4.6, 8.2, 5.8],
			"to": [19.2, 8.4, 8.2],
			"rotation": {"angle": 0, "axis": "y", "origin": [6, 0.9, 6.5]},
			"faces": {
				"north": {"uv": [16, 1.25, 0, 16], "texture": "#3"},
				"east": {"uv": [16, 1.25, 0, 16], "texture": "#3"},
				"south": {"uv": [16, 1.25, 0, 16], "texture": "#3"},
				"west": {"uv": [16, 1.25, 0, 16], "texture": "#3"},
				"up": {"uv": [16, 1.25, 0, 16], "texture": "#3"},
				"down": {"uv": [0, 0, 16, 16], "texture": "#3"}
			}
		},
		{
			"from": [17.1, 6.9, 5.7],
			"to": [18.9, 7.5, 6.8],
			"rotation": {"angle": 0, "axis": "y", "origin": [6.55, 8.3, 7]},
			"faces": {
				"north": {"uv": [16, 1.25, 0, 16], "texture": "#3"},
				"east": {"uv": [16, 1.25, 0, 16], "texture": "#3"},
				"south": {"uv": [16, 1.25, 0, 16], "texture": "#3"},
				"west": {"uv": [16, 1.25, 0, 16], "texture": "#3"},
				"up": {"uv": [16, 1.25, 0, 16], "texture": "#3"},
				"down": {"uv": [0, 0, 16, 16], "texture": "#3"}
			}
		},
		{
			"from": [8.9, 5.6, 5.9],
			"to": [22.9, 5.9, 8.1],
			"rotation": {"angle": 0, "axis": "y", "origin": [6, 0.9, 6.5]},
			"faces": {
				"north": {"uv": [16, 1.25, 0, 16], "texture": "#3"},
				"east": {"uv": [16, 1.25, 0, 16], "texture": "#3"},
				"south": {"uv": [16, 1.25, 0, 16], "texture": "#3"},
				"west": {"uv": [16, 1.25, 0, 16], "texture": "#3"},
				"up": {"uv": [16, 1.25, 0, 16], "texture": "#3"},
				"down": {"uv": [0, 0, 16, 16], "texture": "#3"}
			}
		},
		{
			"from": [8.9, 5.6, 5.9],
			"to": [22.9, 5.9, 8.1],
			"rotation": {"angle": 0, "axis": "y", "origin": [6, 0.9, 6.5]},
			"faces": {
				"north": {"uv": [16, 1.25, 0, 16], "texture": "#3"},
				"east": {"uv": [16, 1.25, 0, 16], "texture": "#3"},
				"south": {"uv": [16, 1.25, 0, 16], "texture": "#3"},
				"west": {"uv": [16, 1.25, 0, 16], "texture": "#3"},
				"up": {"uv": [16, 1.25, 0, 16], "texture": "#3"},
				"down": {"uv": [0, 0, 16, 16], "texture": "#3"}
			}
		},
		{
			"from": [23.6, 6.5, 6.1],
			"to": [28.5, 7.9, 7.8],
			"rotation": {"angle": 0, "axis": "y", "origin": [6, 0.9, 6.5]},
			"faces": {
				"north": {"uv": [0, 0, 16, 16], "texture": "#3"},
				"east": {"uv": [0, 0, 16, 16], "texture": "#3"},
				"south": {"uv": [0, 0, 16, 16], "texture": "#3"},
				"west": {"uv": [0, 0, 16, 16], "texture": "#3"},
				"up": {"uv": [0, 0, 16, 16], "texture": "#3"},
				"down": {"uv": [0, 0, 16, 16], "texture": "#3"}
			}
		},
		{
			"from": [-4.6, 6, 5.8],
			"to": [19.2, 8.2, 8.2],
			"rotation": {"angle": 0, "axis": "y", "origin": [6, 0.9, 6.5]},
			"faces": {
				"north": {"uv": [0, 0, 13.9, 0.2], "texture": "#6"},
				"east": {"uv": [0, 0, 1.2, 0.2], "texture": "#6"},
				"south": {"uv": [0, 0, 13.9, 0.2], "texture": "#6"},
				"west": {"uv": [0, 0, 1.2, 0.2], "texture": "#6"},
				"up": {"uv": [0, 0, 13.9, 1.2], "texture": "#6"},
				"down": {"uv": [0, 0, 13.9, 1.2], "texture": "#6"}
			}
		},
		{
			"from": [19.37764, 6.00459, 5.8],
			"to": [20.47764, 6.90459, 8.2],
			"rotation": {"angle": 0, "axis": "z", "origin": [20.17764, 7.05459, 7]},
			"faces": {
				"north": {"uv": [0, 0, 13.9, 0.2], "texture": "#6"},
				"east": {"uv": [0, 0, 1.2, 0.2], "texture": "#6"},
				"south": {"uv": [0, 0, 13.9, 0.2], "texture": "#6"},
				"west": {"uv": [0, 0, 1.2, 0.2], "texture": "#6"},
				"up": {"uv": [0, 0, 13.9, 1.2], "texture": "#6"},
				"down": {"uv": [0, 0, 13.9, 1.2], "texture": "#6"}
			}
		},
		{
			"from": [19.15398, 5.75459, 5.8],
			"to": [22.15398, 6.05459, 8.2],
			"rotation": {"angle": -45, "axis": "z", "origin": [21.80398, 7.05459, 7]},
			"faces": {
				"north": {"uv": [0, 0, 13.9, 0.2], "texture": "#6"},
				"east": {"uv": [0, 0, 1.2, 0.2], "texture": "#6"},
				"south": {"uv": [0, 0, 13.9, 0.2], "texture": "#6"},
				"west": {"uv": [0, 0, 1.2, 0.2], "texture": "#6"},
				"up": {"uv": [0, 0, 13.9, 1.2], "texture": "#6"},
				"down": {"uv": [0, 0, 13.9, 1.2], "texture": "#6"}
			}
		},
		{
			"from": [20.47764, 6.00459, 5.8],
			"to": [20.77764, 6.60459, 8.2],
			"rotation": {"angle": 0, "axis": "y", "origin": [20.17764, 7.05459, 7]},
			"faces": {
				"north": {"uv": [0, 0, 13.9, 0.2], "texture": "#6"},
				"east": {"uv": [0, 0, 1.2, 0.2], "texture": "#6"},
				"south": {"uv": [0, 0, 13.9, 0.2], "texture": "#6"},
				"west": {"uv": [0, 0, 1.2, 0.2], "texture": "#6"},
				"up": {"uv": [0, 0, 13.9, 1.2], "texture": "#6"},
				"down": {"uv": [0, 0, 13.9, 1.2], "texture": "#6"}
			}
		},
		{
			"from": [20.47764, 6.00459, 5.8],
			"to": [20.97764, 6.40459, 8.2],
			"rotation": {"angle": 0, "axis": "y", "origin": [20.17764, 7.05459, 7]},
			"faces": {
				"north": {"uv": [0, 0, 13.9, 0.2], "texture": "#6"},
				"east": {"uv": [0, 0, 1.2, 0.2], "texture": "#6"},
				"south": {"uv": [0, 0, 13.9, 0.2], "texture": "#6"},
				"west": {"uv": [0, 0, 1.2, 0.2], "texture": "#6"},
				"up": {"uv": [0, 0, 13.9, 1.2], "texture": "#6"},
				"down": {"uv": [0, 0, 13.9, 1.2], "texture": "#6"}
			}
		},
		{
			"from": [-4.6, 5.9, 5.8],
			"to": [22.9, 6.1, 8.2],
			"rotation": {"angle": 0, "axis": "y", "origin": [6, 0.9, 6.5]},
			"faces": {
				"north": {"uv": [0, 0, 13.9, 0.2], "texture": "#6"},
				"east": {"uv": [0, 0, 1.2, 0.2], "texture": "#6"},
				"south": {"uv": [0, 0, 13.9, 0.2], "texture": "#6"},
				"west": {"uv": [0, 0, 1.2, 0.2], "texture": "#6"},
				"up": {"uv": [0, 0, 13.9, 1.2], "texture": "#6"},
				"down": {"uv": [0, 0, 13.9, 1.2], "texture": "#6"}
			}
		},
		{
			"from": [23.25398, 6.95459, 5.8],
			"to": [23.75398, 7.15459, 8.2],
			"rotation": {"angle": -45, "axis": "z", "origin": [21.80398, 7.05459, 7]},
			"faces": {
				"north": {"uv": [0, 0, 13.9, 0.2], "texture": "#6"},
				"east": {"uv": [0, 0, 1.2, 0.2], "texture": "#6"},
				"south": {"uv": [0, 0, 13.9, 0.2], "texture": "#6"},
				"west": {"uv": [0, 0, 1.2, 0.2], "texture": "#6"},
				"up": {"uv": [0, 0, 13.9, 1.2], "texture": "#6"},
				"down": {"uv": [0, 0, 13.9, 1.2], "texture": "#6"}
			}
		},
		{
			"from": [19.15398, 4.45459, 5.8],
			"to": [20.85398, 6.05459, 8.2],
			"rotation": {"angle": -45, "axis": "z", "origin": [21.80398, 7.05459, 7]},
			"faces": {
				"north": {"uv": [0, 0, 13.9, 0.2], "texture": "#6"},
				"east": {"uv": [0, 0, 1.2, 0.2], "texture": "#6"},
				"south": {"uv": [0, 0, 13.9, 0.2], "texture": "#6"},
				"west": {"uv": [0, 0, 1.2, 0.2], "texture": "#6"},
				"up": {"uv": [0, 0, 13.9, 1.2], "texture": "#6"},
				"down": {"uv": [0, 0, 13.9, 1.2], "texture": "#6"}
			}
		},
		{
			"from": [8.50437, 8.33372, 5.8],
			"to": [8.70437, 8.53372, 8.1],
			"rotation": {"angle": 0, "axis": "y", "origin": [6.00437, 0.93372, 6.5]},
			"faces": {
				"north": {"uv": [0, 2, 13.9, 3.2], "texture": "#3"},
				"east": {"uv": [0, 2, 13.9, 3.2], "texture": "#3"},
				"south": {"uv": [0, 2, 13.9, 3.2], "texture": "#3"},
				"west": {"uv": [0, 2, 13.9, 3.2], "texture": "#3"},
				"up": {"uv": [0, 2, 13.9, 3.2], "texture": "#3"},
				"down": {"uv": [0, 2, 0.2, 3.2], "texture": "#3"}
			}
		},
		{
			"from": [9.00437, 8.33372, 5.8],
			"to": [9.20437, 8.53372, 8.1],
			"rotation": {"angle": 0, "axis": "y", "origin": [6.00437, 0.93372, 6.5]},
			"faces": {
				"north": {"uv": [0, 2, 13.9, 3.2], "texture": "#3"},
				"east": {"uv": [0, 2, 13.9, 3.2], "texture": "#3"},
				"south": {"uv": [0, 2, 13.9, 3.2], "texture": "#3"},
				"west": {"uv": [0, 2, 13.9, 3.2], "texture": "#3"},
				"up": {"uv": [0, 2, 13.9, 3.2], "texture": "#3"},
				"down": {"uv": [0, 2, 0.2, 3.2], "texture": "#3"}
			}
		},
		{
			"from": [9.50437, 8.33372, 5.8],
			"to": [9.70437, 8.53372, 8.1],
			"rotation": {"angle": 0, "axis": "y", "origin": [6.00437, 0.93372, 6.5]},
			"faces": {
				"north": {"uv": [0, 2, 13.9, 3.2], "texture": "#3"},
				"east": {"uv": [0, 2, 13.9, 3.2], "texture": "#3"},
				"south": {"uv": [0, 2, 13.9, 3.2], "texture": "#3"},
				"west": {"uv": [0, 2, 13.9, 3.2], "texture": "#3"},
				"up": {"uv": [0, 2, 13.9, 3.2], "texture": "#3"},
				"down": {"uv": [0, 2, 0.2, 3.2], "texture": "#3"}
			}
		},
		{
			"from": [10.00437, 8.33372, 5.8],
			"to": [10.20437, 8.53372, 8.1],
			"rotation": {"angle": 0, "axis": "y", "origin": [6.00437, 0.93372, 6.5]},
			"faces": {
				"north": {"uv": [0, 2, 13.9, 3.2], "texture": "#3"},
				"east": {"uv": [0, 2, 13.9, 3.2], "texture": "#3"},
				"south": {"uv": [0, 2, 13.9, 3.2], "texture": "#3"},
				"west": {"uv": [0, 2, 13.9, 3.2], "texture": "#3"},
				"up": {"uv": [0, 2, 13.9, 3.2], "texture": "#3"},
				"down": {"uv": [0, 2, 0.2, 3.2], "texture": "#3"}
			}
		},
		{
			"from": [18.00437, 8.33372, 5.8],
			"to": [18.20437, 8.53372, 8.1],
			"rotation": {"angle": 0, "axis": "y", "origin": [6.00437, 0.93372, 6.5]},
			"faces": {
				"north": {"uv": [0, 2, 13.9, 3.2], "texture": "#3"},
				"east": {"uv": [0, 2, 13.9, 3.2], "texture": "#3"},
				"south": {"uv": [0, 2, 13.9, 3.2], "texture": "#3"},
				"west": {"uv": [0, 2, 13.9, 3.2], "texture": "#3"},
				"up": {"uv": [0, 2, 13.9, 3.2], "texture": "#3"},
				"down": {"uv": [0, 2, 0.2, 3.2], "texture": "#3"}
			}
		},
		{
			"from": [17.50437, 8.33372, 5.8],
			"to": [17.70437, 8.53372, 8.1],
			"rotation": {"angle": 0, "axis": "y", "origin": [6.00437, 0.93372, 6.5]},
			"faces": {
				"north": {"uv": [0, 2, 13.9, 3.2], "texture": "#3"},
				"east": {"uv": [0, 2, 13.9, 3.2], "texture": "#3"},
				"south": {"uv": [0, 2, 13.9, 3.2], "texture": "#3"},
				"west": {"uv": [0, 2, 13.9, 3.2], "texture": "#3"},
				"up": {"uv": [0, 2, 13.9, 3.2], "texture": "#3"},
				"down": {"uv": [0, 2, 0.2, 3.2], "texture": "#3"}
			}
		},
		{
			"from": [17.00437, 8.33372, 5.8],
			"to": [17.20437, 8.53372, 8.1],
			"rotation": {"angle": 0, "axis": "y", "origin": [6.00437, 0.93372, 6.5]},
			"faces": {
				"north": {"uv": [0, 2, 13.9, 3.2], "texture": "#3"},
				"east": {"uv": [0, 2, 13.9, 3.2], "texture": "#3"},
				"south": {"uv": [0, 2, 13.9, 3.2], "texture": "#3"},
				"west": {"uv": [0, 2, 13.9, 3.2], "texture": "#3"},
				"up": {"uv": [0, 2, 13.9, 3.2], "texture": "#3"},
				"down": {"uv": [0, 2, 0.2, 3.2], "texture": "#3"}
			}
		},
		{
			"from": [16.50437, 8.33372, 5.8],
			"to": [16.70437, 8.53372, 8.1],
			"rotation": {"angle": 0, "axis": "y", "origin": [6.00437, 0.93372, 6.5]},
			"faces": {
				"north": {"uv": [0, 2, 13.9, 3.2], "texture": "#3"},
				"east": {"uv": [0, 2, 13.9, 3.2], "texture": "#3"},
				"south": {"uv": [0, 2, 13.9, 3.2], "texture": "#3"},
				"west": {"uv": [0, 2, 13.9, 3.2], "texture": "#3"},
				"up": {"uv": [0, 2, 13.9, 3.2], "texture": "#3"},
				"down": {"uv": [0, 2, 0.2, 3.2], "texture": "#3"}
			}
		},
		{
			"from": [16.00437, 8.33372, 5.8],
			"to": [16.20437, 8.53372, 8.1],
			"rotation": {"angle": 0, "axis": "y", "origin": [6.00437, 0.93372, 6.5]},
			"faces": {
				"north": {"uv": [0, 2, 13.9, 3.2], "texture": "#3"},
				"east": {"uv": [0, 2, 13.9, 3.2], "texture": "#3"},
				"south": {"uv": [0, 2, 13.9, 3.2], "texture": "#3"},
				"west": {"uv": [0, 2, 13.9, 3.2], "texture": "#3"},
				"up": {"uv": [0, 2, 13.9, 3.2], "texture": "#3"},
				"down": {"uv": [0, 2, 0.2, 3.2], "texture": "#3"}
			}
		},
		{
			"from": [15.50437, 8.33372, 5.8],
			"to": [15.70437, 8.53372, 8.1],
			"rotation": {"angle": 0, "axis": "y", "origin": [6.00437, 0.93372, 6.5]},
			"faces": {
				"north": {"uv": [0, 2, 13.9, 3.2], "texture": "#3"},
				"east": {"uv": [0, 2, 13.9, 3.2], "texture": "#3"},
				"south": {"uv": [0, 2, 13.9, 3.2], "texture": "#3"},
				"west": {"uv": [0, 2, 13.9, 3.2], "texture": "#3"},
				"up": {"uv": [0, 2, 13.9, 3.2], "texture": "#3"},
				"down": {"uv": [0, 2, 0.2, 3.2], "texture": "#3"}
			}
		},
		{
			"from": [15.00437, 8.33372, 5.8],
			"to": [15.20437, 8.53372, 8.1],
			"rotation": {"angle": 0, "axis": "y", "origin": [6.00437, 0.93372, 6.5]},
			"faces": {
				"north": {"uv": [0, 2, 13.9, 3.2], "texture": "#3"},
				"east": {"uv": [0, 2, 13.9, 3.2], "texture": "#3"},
				"south": {"uv": [0, 2, 13.9, 3.2], "texture": "#3"},
				"west": {"uv": [0, 2, 13.9, 3.2], "texture": "#3"},
				"up": {"uv": [0, 2, 13.9, 3.2], "texture": "#3"},
				"down": {"uv": [0, 2, 0.2, 3.2], "texture": "#3"}
			}
		},
		{
			"from": [14.50437, 8.33372, 5.8],
			"to": [14.70437, 8.53372, 8.1],
			"rotation": {"angle": 0, "axis": "y", "origin": [6.00437, 0.93372, 6.5]},
			"faces": {
				"north": {"uv": [0, 2, 13.9, 3.2], "texture": "#3"},
				"east": {"uv": [0, 2, 13.9, 3.2], "texture": "#3"},
				"south": {"uv": [0, 2, 13.9, 3.2], "texture": "#3"},
				"west": {"uv": [0, 2, 13.9, 3.2], "texture": "#3"},
				"up": {"uv": [0, 2, 13.9, 3.2], "texture": "#3"},
				"down": {"uv": [0, 2, 0.2, 3.2], "texture": "#3"}
			}
		},
		{
			"from": [13.50437, 8.33372, 5.8],
			"to": [13.70437, 8.53372, 8.1],
			"rotation": {"angle": 0, "axis": "y", "origin": [6.00437, 0.93372, 6.5]},
			"faces": {
				"north": {"uv": [0, 2, 13.9, 3.2], "texture": "#3"},
				"east": {"uv": [0, 2, 13.9, 3.2], "texture": "#3"},
				"south": {"uv": [0, 2, 13.9, 3.2], "texture": "#3"},
				"west": {"uv": [0, 2, 13.9, 3.2], "texture": "#3"},
				"up": {"uv": [0, 2, 13.9, 3.2], "texture": "#3"},
				"down": {"uv": [0, 2, 0.2, 3.2], "texture": "#3"}
			}
		},
		{
			"from": [14.00437, 8.33372, 5.8],
			"to": [14.20437, 8.53372, 8.1],
			"rotation": {"angle": 0, "axis": "y", "origin": [6.00437, 0.93372, 6.5]},
			"faces": {
				"north": {"uv": [0, 2, 13.9, 3.2], "texture": "#3"},
				"east": {"uv": [0, 2, 13.9, 3.2], "texture": "#3"},
				"south": {"uv": [0, 2, 13.9, 3.2], "texture": "#3"},
				"west": {"uv": [0, 2, 13.9, 3.2], "texture": "#3"},
				"up": {"uv": [0, 2, 13.9, 3.2], "texture": "#3"},
				"down": {"uv": [0, 2, 0.2, 3.2], "texture": "#3"}
			}
		},
		{
			"from": [13.00437, 8.33372, 5.8],
			"to": [13.20437, 8.53372, 8.1],
			"rotation": {"angle": 0, "axis": "y", "origin": [6.00437, 0.93372, 6.5]},
			"faces": {
				"north": {"uv": [0, 2, 13.9, 3.2], "texture": "#3"},
				"east": {"uv": [0, 2, 13.9, 3.2], "texture": "#3"},
				"south": {"uv": [0, 2, 13.9, 3.2], "texture": "#3"},
				"west": {"uv": [0, 2, 13.9, 3.2], "texture": "#3"},
				"up": {"uv": [0, 2, 13.9, 3.2], "texture": "#3"},
				"down": {"uv": [0, 2, 0.2, 3.2], "texture": "#3"}
			}
		},
		{
			"from": [12.50437, 8.33372, 5.8],
			"to": [12.70437, 8.53372, 8.1],
			"rotation": {"angle": 0, "axis": "y", "origin": [6.00437, 0.93372, 6.5]},
			"faces": {
				"north": {"uv": [0, 2, 13.9, 3.2], "texture": "#3"},
				"east": {"uv": [0, 2, 13.9, 3.2], "texture": "#3"},
				"south": {"uv": [0, 2, 13.9, 3.2], "texture": "#3"},
				"west": {"uv": [0, 2, 13.9, 3.2], "texture": "#3"},
				"up": {"uv": [0, 2, 13.9, 3.2], "texture": "#3"},
				"down": {"uv": [0, 2, 0.2, 3.2], "texture": "#3"}
			}
		},
		{
			"from": [12.00437, 8.33372, 5.8],
			"to": [12.20437, 8.53372, 8.1],
			"rotation": {"angle": 0, "axis": "y", "origin": [6.00437, 0.93372, 6.5]},
			"faces": {
				"north": {"uv": [0, 2, 13.9, 3.2], "texture": "#3"},
				"east": {"uv": [0, 2, 13.9, 3.2], "texture": "#3"},
				"south": {"uv": [0, 2, 13.9, 3.2], "texture": "#3"},
				"west": {"uv": [0, 2, 13.9, 3.2], "texture": "#3"},
				"up": {"uv": [0, 2, 13.9, 3.2], "texture": "#3"},
				"down": {"uv": [0, 2, 0.2, 3.2], "texture": "#3"}
			}
		},
		{
			"from": [11.50437, 8.33372, 5.8],
			"to": [11.70437, 8.53372, 8.1],
			"rotation": {"angle": 0, "axis": "y", "origin": [6.00437, 0.93372, 6.5]},
			"faces": {
				"north": {"uv": [0, 2, 13.9, 3.2], "texture": "#3"},
				"east": {"uv": [0, 2, 13.9, 3.2], "texture": "#3"},
				"south": {"uv": [0, 2, 13.9, 3.2], "texture": "#3"},
				"west": {"uv": [0, 2, 13.9, 3.2], "texture": "#3"},
				"up": {"uv": [0, 2, 13.9, 3.2], "texture": "#3"},
				"down": {"uv": [0, 2, 0.2, 3.2], "texture": "#3"}
			}
		},
		{
			"from": [11.00437, 8.33372, 5.8],
			"to": [11.20437, 8.53372, 8.1],
			"rotation": {"angle": 0, "axis": "y", "origin": [6.00437, 0.93372, 6.5]},
			"faces": {
				"north": {"uv": [0, 2, 13.9, 3.2], "texture": "#3"},
				"east": {"uv": [0, 2, 13.9, 3.2], "texture": "#3"},
				"south": {"uv": [0, 2, 13.9, 3.2], "texture": "#3"},
				"west": {"uv": [0, 2, 13.9, 3.2], "texture": "#3"},
				"up": {"uv": [0, 2, 13.9, 3.2], "texture": "#3"},
				"down": {"uv": [0, 2, 0.2, 3.2], "texture": "#3"}
			}
		},
		{
			"from": [10.50437, 8.33372, 5.8],
			"to": [10.70437, 8.53372, 8.1],
			"rotation": {"angle": 0, "axis": "y", "origin": [6.00437, 0.93372, 6.5]},
			"faces": {
				"north": {"uv": [0, 2, 13.9, 3.2], "texture": "#3"},
				"east": {"uv": [0, 2, 13.9, 3.2], "texture": "#3"},
				"south": {"uv": [0, 2, 13.9, 3.2], "texture": "#3"},
				"west": {"uv": [0, 2, 13.9, 3.2], "texture": "#3"},
				"up": {"uv": [0, 2, 13.9, 3.2], "texture": "#3"},
				"down": {"uv": [0, 2, 0.2, 3.2], "texture": "#3"}
			}
		},
		{
			"from": [17.3, 5.6, 6.2],
			"to": [17.4, 5.9, 7.7],
			"rotation": {"angle": 0, "axis": "y", "origin": [6, 0.9, 6.5]},
			"faces": {
				"north": {"uv": [16, 1.25, 0, 16], "texture": "#3"},
				"east": {"uv": [16, 1.25, 0, 16], "texture": "#3"},
				"south": {"uv": [16, 1.25, 0, 16], "texture": "#3"},
				"west": {"uv": [16, 1.25, 0, 16], "texture": "#3"},
				"up": {"uv": [16, 1.25, 0, 16], "texture": "#3"},
				"down": {"uv": [0, 0, 16, 16], "texture": "#3"}
			}
		},
		{
			"from": [18.5, 7.1, 5.6],
			"to": [18.7, 7.3, 6.7],
			"rotation": {"angle": 0, "axis": "y", "origin": [6.55, 8.3, 7]},
			"faces": {
				"north": {"uv": [16, 1.25, 0, 16], "texture": "#5"},
				"east": {"uv": [16, 1.25, 0, 16], "texture": "#5"},
				"south": {"uv": [16, 1.25, 0, 16], "texture": "#5"},
				"west": {"uv": [16, 1.25, 0, 16], "texture": "#5"},
				"up": {"uv": [16, 1.25, 0, 16], "texture": "#5"},
				"down": {"uv": [0, 0, 16, 16], "texture": "#5"}
			}
		},
		{
			"from": [17.9, 7.1, 5.6],
			"to": [18.1, 7.3, 6.7],
			"rotation": {"angle": 0, "axis": "y", "origin": [6.55, 8.3, 7]},
			"faces": {
				"north": {"uv": [16, 1.25, 0, 16], "texture": "#5"},
				"east": {"uv": [16, 1.25, 0, 16], "texture": "#5"},
				"south": {"uv": [16, 1.25, 0, 16], "texture": "#5"},
				"west": {"uv": [16, 1.25, 0, 16], "texture": "#5"},
				"up": {"uv": [16, 1.25, 0, 16], "texture": "#5"},
				"down": {"uv": [0, 0, 16, 16], "texture": "#5"}
			}
		},
		{
			"from": [17.3, 7.1, 5.6],
			"to": [17.5, 7.3, 6.7],
			"rotation": {"angle": 0, "axis": "y", "origin": [6.55, 8.3, 7]},
			"faces": {
				"north": {"uv": [16, 1.25, 0, 16], "texture": "#5"},
				"east": {"uv": [16, 1.25, 0, 16], "texture": "#5"},
				"south": {"uv": [16, 1.25, 0, 16], "texture": "#5"},
				"west": {"uv": [16, 1.25, 0, 16], "texture": "#5"},
				"up": {"uv": [16, 1.25, 0, 16], "texture": "#5"},
				"down": {"uv": [0, 0, 16, 16], "texture": "#5"}
			}
		},
		{
			"from": [4.3, 6.8, 6.5],
			"to": [29.6, 7.6, 7.5],
			"rotation": {"angle": 0, "axis": "y", "origin": [6, 0.9, 6.5]},
			"faces": {
				"north": {"uv": [0, 0, 13.9, 0.2], "texture": "#0"},
				"east": {"uv": [0, 0, 13.9, 0.2], "texture": "#0"},
				"south": {"uv": [0, 0, 13.9, 0.2], "texture": "#0"},
				"west": {"uv": [0, 0, 13.9, 0.2], "texture": "#0"},
				"up": {"uv": [0, 0, 13.9, 0.2], "texture": "#0"},
				"down": {"uv": [0, 0, 13.9, 0.2], "texture": "#0"}
			}
		},
		{
			"from": [-1.83134, 4.36156, 6],
			"to": [-0.13134, 5.56156, 7.7],
			"rotation": {"angle": 0, "axis": "y", "origin": [-0.83134, 4.51156, 6.7]},
			"faces": {
				"north": {"uv": [0, 0, 1.2, 0.8], "rotation": 90, "texture": "#0"},
				"east": {"uv": [0, 0, 1.2, 1], "rotation": 90, "texture": "#0"},
				"south": {"uv": [0, 0, 1.2, 0.8], "rotation": 90, "texture": "#0"},
				"west": {"uv": [0, 0, 1.2, 1], "rotation": 90, "texture": "#0"},
				"up": {"uv": [0, 0, 1, 0.8], "rotation": 90, "texture": "#0"},
				"down": {"uv": [0, 0, 1, 0.8], "rotation": 90, "texture": "#0"}
			}
		},
		{
			"from": [-1.81466, 1.1427, 6],
			"to": [-0.21466, 3.5427, 7.7],
			"rotation": {"angle": -22.5, "axis": "z", "origin": [1.88534, 3.7427, 6.7]},
			"faces": {
				"north": {"uv": [0, 0, 1.3, 0.8], "rotation": 90, "texture": "#0"},
				"east": {"uv": [0, 0, 1.3, 1], "rotation": 90, "texture": "#0"},
				"south": {"uv": [0, 0, 1.3, 0.8], "rotation": 90, "texture": "#0"},
				"west": {"uv": [0, 0, 1.3, 1], "rotation": 90, "texture": "#0"},
				"up": {"uv": [0, 0, 1, 0.8], "rotation": 90, "texture": "#0"},
				"down": {"uv": [0, 0, 1, 0.8], "rotation": 90, "texture": "#0"}
			}
		},
		{
			"from": [-9.46215, 5.8903, 5.9],
			"to": [-4.56215, 8.3403, 8.2],
			"rotation": {"angle": 0, "axis": "y", "origin": [-5.26215, 7.4903, 6.5]},
			"faces": {
				"north": {"uv": [16, 0, 0, 16], "texture": "#3"},
				"east": {"uv": [16, 0, 0, 16], "texture": "#3"},
				"south": {"uv": [16, 0, 0, 16], "texture": "#3"},
				"west": {"uv": [16, 0, 0, 16], "texture": "#3"},
				"up": {"uv": [16, 0, 0, 16], "texture": "#3"},
				"down": {"uv": [16, 0, 0, 16], "texture": "#3"}
			}
		},
		{
			"from": [-10.56215, 5.4903, 5.9],
			"to": [-6.46215, 7.7403, 8.2],
			"rotation": {"angle": 22.5, "axis": "z", "origin": [-7.61215, 7.2153, 6.5]},
			"faces": {
				"north": {"uv": [16, 0, 0, 16], "texture": "#3"},
				"east": {"uv": [16, 0, 0, 16], "texture": "#3"},
				"south": {"uv": [16, 0, 0, 16], "texture": "#3"},
				"west": {"uv": [16, 0, 0, 16], "texture": "#3"},
				"up": {"uv": [16, 0, 0, 16], "texture": "#3"},
				"down": {"uv": [16, 0, 0, 16], "texture": "#3"}
			}
		},
		{
			"from": [-9.33715, 2.5653, 5.9],
			"to": [-6.98715, 6.8653, 8.2],
			"rotation": {"angle": -22.5, "axis": "z", "origin": [-7.61215, 7.2153, 6.5]},
			"faces": {
				"north": {"uv": [16, 0, 0, 16], "texture": "#3"},
				"east": {"uv": [16, 0, 0, 16], "texture": "#3"},
				"south": {"uv": [16, 0, 0, 16], "texture": "#3"},
				"west": {"uv": [16, 0, 0, 16], "texture": "#3"},
				"up": {"uv": [16, 0, 0, 16], "texture": "#3"},
				"down": {"uv": [16, 0, 0, 16], "texture": "#3"}
			}
		},
		{
			"from": [-11.03715, 3.5653, 5.9],
			"to": [-8.58715, 8.3453, 8.2],
			"rotation": {"angle": 0, "axis": "y", "origin": [-7.61215, 7.2153, 6.5]},
			"faces": {
				"north": {"uv": [16, 0, 0, 16], "texture": "#3"},
				"east": {"uv": [16, 0, 0, 16], "texture": "#3"},
				"south": {"uv": [16, 0, 0, 16], "texture": "#3"},
				"west": {"uv": [16, 0, 0, 16], "texture": "#3"},
				"up": {"uv": [16, 0, 0, 16], "texture": "#3"},
				"down": {"uv": [16, 0, 0, 16], "texture": "#3"}
			}
		}
	],
	"gui_light": "front",
	"display": {
		"thirdperson_righthand": {
			"rotation": [0, 90, 0],
			"translation": [0, 2.75, 0.25],
			"scale": [0.4, 0.6, 0.6]
		},
		"thirdperson_lefthand": {
			"rotation": [0, -90, 0],
			"translation": [0, 2.75, 0.25],
			"scale": [0.4, 0.6, 0.6]
		},
		"firstperson_righthand": {
			"rotation": [0, 81, 0],
			"translation": [2.5, 4.5, -2]
		},
		"firstperson_lefthand": {
			"rotation": [0, -96, 0],
			"translation": [6, 6, 0]
		},
		"ground": {
			"rotation": [85, 0, 0],
			"translation": [0, -1, 0]
		},
		"gui": {
			"rotation": [10, 135, 19],
			"translation": [0.75, 0.25, 0],
			"scale": [0.5, 0.5, 0.51]
		}
	},
	"groups": [
		{
			"name": "gurippu-",
			"origin": [4.9, 0.9, 6.5],
			"color": 0,
			"children": [0, 1, 2, 3, 4, 5, 6, 7, 8]
		},
		{
			"name": "gurippu-2",
			"origin": [6.5, 1.9, 5.7],
			"color": 0,
			"children": [9, 10, 11, 12, 13, 14, 15, 16, 17]
		},
		{
			"name": "group",
			"origin": [6, 0.9, 6.5],
			"color": 0,
			"children": [18, 19, 20, 21, 22, 23, 24, 25, 26, 27, 28, 29]
		},
		{
			"name": "group",
			"origin": [21.80398, 7.05459, 7],
			"color": 0,
			"children": [
				30,
				{
					"name": "group",
					"origin": [21.80398, 7.05459, 7],
					"color": 0,
					"children": [31, 32, 33, 34, 35, 36, 37, 38]
				}
			]
		},
		{
			"name": "group",
			"origin": [6.00437, 0.93372, 6.5],
			"color": 0,
			"children": [39, 40, 41, 42, 43, 44, 45, 46, 47, 48, 49, 50, 51, 52, 53, 54, 55, 56, 57, 58]
		},
		59,
		{
			"name": "group",
			"origin": [6.55, 8.3, 7],
			"color": 0,
			"children": [60, 61, 62]
		},
		63,
		{
			"name": "group",
			"origin": [1.88534, 3.7427, 6.7],
			"color": 0,
			"children": [64, 65]
		},
		{
			"name": "group",
			"origin": [-7.01215, 4.3153, 6.5],
			"color": 0,
			"children": [66, 67, 68, 69]
		}
	]
}