{
	"credit": "Made with Blockbench",
	"textures": {
		"0": "block/red_concrete_powder",
		"3": "block/gray_concrete",
		"4": "block/black_shulker_box",
		"5": "block/honey_block_top",
		"particle": "block/red_concrete_powder"
	},
	"elements": [
		{
			"from": [7.5, 5, 5.9],
			"to": [9.6, 5.6, 6],
			"rotation": {"angle": 0, "axis": "z", "origin": [4.07782, 5.08628, 7.34107]},
			"faces": {
				"north": {"uv": [5, 14, 7.1, 14.6], "texture": "#5"},
				"east": {"uv": [5, 14, 7.1, 14.6], "texture": "#5"},
				"south": {"uv": [5, 14, 7.1, 14.6], "texture": "#5"},
				"west": {"uv": [5, 14, 7.1, 14.6], "texture": "#5"},
				"up": {"uv": [5, 14, 7.1, 14.6], "texture": "#5"},
				"down": {"uv": [5, 14, 7.1, 14.6], "texture": "#5"}
			}
		},
		{
			"from": [9.8, 5.7, 5.9],
			"to": [10.3, 6.7, 6],
			"rotation": {"angle": 0, "axis": "z", "origin": [4.07782, 5.08628, 7.34107]},
			"faces": {
				"north": {"uv": [6, 2, 5.5, 3], "texture": "#0"},
				"east": {"uv": [6, 2, 5.5, 3], "texture": "#0"},
				"south": {"uv": [6, 2, 5.5, 3], "texture": "#0"},
				"west": {"uv": [6, 2, 5.5, 3], "texture": "#0"},
				"up": {"uv": [6, 2, 5.5, 3], "texture": "#0"},
				"down": {"uv": [6, 2, 5.5, 3], "texture": "#0"}
			}
		},
		{
			"from": [-0.7, 3.5, 6.1],
			"to": [3.8, 4, 8.9],
			"rotation": {"angle": 0, "axis": "z", "origin": [4.07782, 5.08628, 7.34107]},
			"faces": {
				"north": {"uv": [0, 7, 1.1, 8], "texture": "#0"},
				"east": {"uv": [0, 7, 1.1, 8], "texture": "#0"},
				"south": {"uv": [0, 7, 1.1, 8], "texture": "#0"},
				"west": {"uv": [0, 7, 1.1, 8], "texture": "#0"},
				"up": {"uv": [0, 7, 1.1, 8], "texture": "#0"},
				"down": {"uv": [0, 7, 1.1, 8], "texture": "#0"}
			}
		},
		{
			"from": [-1, 3.8, 5.9],
			"to": [4.6, 4, 9.1],
			"rotation": {"angle": 0, "axis": "z", "origin": [4.07782, 5.08628, 7.34107]},
			"faces": {
				"north": {"uv": [0, 7, 1.1, 8], "texture": "#0"},
				"east": {"uv": [0, 7, 1.1, 8], "texture": "#0"},
				"south": {"uv": [0, 7, 1.1, 8], "texture": "#0"},
				"west": {"uv": [0, 7, 1.1, 8], "texture": "#0"},
				"up": {"uv": [0, 7, 1.1, 8], "texture": "#0"},
				"down": {"uv": [0, 7, 1.1, 8], "texture": "#0"}
			}
		},
		{
			"from": [2.4, -0.1, 7.1],
			"to": [3.6, 4, 8.1],
			"rotation": {"angle": 0, "axis": "z", "origin": [4.07782, 5.08628, 7.34107]},
			"faces": {
				"north": {"uv": [0, 7, 1.1, 8], "texture": "#0"},
				"east": {"uv": [0, 7, 1.1, 8], "texture": "#0"},
				"south": {"uv": [0, 7, 1.1, 8], "texture": "#0"},
				"west": {"uv": [0, 7, 1.1, 8], "texture": "#0"},
				"up": {"uv": [0, 7, 1.1, 8], "texture": "#0"},
				"down": {"uv": [0, 7, 1.1, 8], "texture": "#0"}
			}
		},
		{
			"from": [1.9, 2.7, 7.1],
			"to": [2.1, 4, 8.1],
			"rotation": {"angle": 0, "axis": "z", "origin": [4.07782, 5.08628, 7.34107]},
			"faces": {
				"north": {"uv": [0, 7, 1.1, 8], "texture": "#0"},
				"east": {"uv": [0, 7, 1.1, 8], "texture": "#0"},
				"south": {"uv": [0, 7, 1.1, 8], "texture": "#0"},
				"west": {"uv": [0, 7, 1.1, 8], "texture": "#0"},
				"up": {"uv": [0, 7, 1.1, 8], "texture": "#0"},
				"down": {"uv": [0, 7, 1.1, 8], "texture": "#0"}
			}
		},
		{
			"from": [-5.1, 0.6, 7.1],
			"to": [-3.9, 4.9, 8.1],
			"rotation": {"angle": 0, "axis": "z", "origin": [4.07782, 5.08628, 7.34107]},
			"faces": {
				"north": {"uv": [0, 7, 1.1, 8], "texture": "#0"},
				"east": {"uv": [0, 7, 1.1, 8], "texture": "#0"},
				"south": {"uv": [0, 7, 1.1, 8], "texture": "#0"},
				"west": {"uv": [0, 7, 1.1, 8], "texture": "#0"},
				"up": {"uv": [0, 7, 1.1, 8], "texture": "#0"},
				"down": {"uv": [0, 7, 1.1, 8], "texture": "#0"}
			}
		},
		{
			"from": [0.9, 2, 7.1],
			"to": [2.4, 2.5, 8.1],
			"rotation": {"angle": 0, "axis": "z", "origin": [4.07782, 5.08628, 7.34107]},
			"faces": {
				"north": {"uv": [0, 7, 1.1, 8], "texture": "#0"},
				"east": {"uv": [0, 7, 1.1, 8], "texture": "#0"},
				"south": {"uv": [0, 7, 1.1, 8], "texture": "#0"},
				"west": {"uv": [0, 7, 1.1, 8], "texture": "#0"},
				"up": {"uv": [0, 7, 1.1, 8], "texture": "#0"},
				"down": {"uv": [0, 7, 1.1, 8], "texture": "#0"}
			}
		},
		{
			"from": [-0.03918, 3.45103, 7.1],
			"to": [0.46082, 5.55103, 8.1],
			"rotation": {"angle": 22.5, "axis": "z", "origin": [4.07782, 5.08628, 7.34107]},
			"faces": {
				"north": {"uv": [0, 7, 1.1, 8], "texture": "#0"},
				"east": {"uv": [0, 7, 1.1, 8], "texture": "#0"},
				"south": {"uv": [0, 7, 1.1, 8], "texture": "#0"},
				"west": {"uv": [0, 7, 1.1, 8], "texture": "#0"},
				"up": {"uv": [0, 7, 1.1, 8], "texture": "#0"},
				"down": {"uv": [0, 7, 1.1, 8], "texture": "#0"}
			}
		},
		{
			"from": [-2.4, 4, 5.7],
			"to": [5.3, 7.6, 9.3],
			"rotation": {"angle": 0, "axis": "z", "origin": [4.07782, 5.08628, 7.34107]},
			"faces": {
				"north": {"uv": [0, 7, 1.1, 8], "texture": "#0"},
				"east": {"uv": [0, 7, 1.1, 8], "texture": "#0"},
				"south": {"uv": [0, 7, 1.1, 8], "texture": "#0"},
				"west": {"uv": [0, 7, 1.1, 8], "texture": "#0"},
				"up": {"uv": [0, 7, 1.1, 8], "texture": "#0"},
				"down": {"uv": [0, 7, 1.1, 8], "texture": "#0"}
			}
		},
		{
			"from": [-6.7, 4, 5.7],
			"to": [-5.5, 7.6, 9.3],
			"rotation": {"angle": 0, "axis": "z", "origin": [4.07782, 5.08628, 7.34107]},
			"faces": {
				"north": {"uv": [0, 7, 1.1, 8], "texture": "#0"},
				"east": {"uv": [0, 7, 1.1, 8], "texture": "#0"},
				"south": {"uv": [0, 7, 1.1, 8], "texture": "#0"},
				"west": {"uv": [0, 7, 1.1, 8], "texture": "#0"},
				"up": {"uv": [0, 7, 1.1, 8], "texture": "#0"},
				"down": {"uv": [0, 7, 1.1, 8], "texture": "#0"}
			}
		},
		{
			"from": [-6.7, 5.2, 5.6],
			"to": [-5.6, 5.8, 5.7],
			"rotation": {"angle": 0, "axis": "z", "origin": [4.07782, 5.08628, 7.34107]},
			"faces": {
				"north": {"uv": [0, 7, 1.1, 8], "texture": "#3"},
				"east": {"uv": [0, 7, 1.1, 8], "texture": "#3"},
				"south": {"uv": [0, 7, 1.1, 8], "texture": "#3"},
				"west": {"uv": [0, 7, 1.1, 8], "texture": "#3"},
				"up": {"uv": [0, 7, 1.1, 8], "texture": "#3"},
				"down": {"uv": [0, 7, 1.1, 8], "texture": "#3"}
			}
		},
		{
			"from": [14.1, 4.3, 6],
			"to": [21.9, 7.3, 9],
			"rotation": {"angle": 0, "axis": "z", "origin": [4.07782, 5.08628, 7.34107]},
			"faces": {
				"north": {"uv": [0, 7, 1.1, 8], "texture": "#0"},
				"east": {"uv": [0, 7, 1.1, 8], "texture": "#0"},
				"south": {"uv": [0, 7, 1.1, 8], "texture": "#0"},
				"west": {"uv": [0, 7, 1.1, 8], "texture": "#0"},
				"up": {"uv": [0, 7, 1.1, 8], "texture": "#0"},
				"down": {"uv": [0, 7, 1.1, 8], "texture": "#0"}
			}
		},
		{
			"from": [-6.8, 4.3, 6],
			"to": [13, 7.3, 9],
			"rotation": {"angle": 0, "axis": "z", "origin": [4.07782, 5.08628, 7.34107]},
			"faces": {
				"north": {"uv": [0, 7, 1.1, 8], "texture": "#0"},
				"east": {"uv": [0, 7, 1.1, 8], "texture": "#0"},
				"south": {"uv": [0, 7, 1.1, 8], "texture": "#0"},
				"west": {"uv": [0, 7, 1.1, 8], "texture": "#4"},
				"up": {"uv": [0, 7, 1.1, 8], "texture": "#0"},
				"down": {"uv": [0, 7, 1.1, 8], "texture": "#0"}
			}
		},
		{
			"from": [-8.2, 4.3, 9],
			"to": [-6.6, 7.3, 9.5],
			"rotation": {"angle": 0, "axis": "z", "origin": [4.07782, 5.08628, 7.34107]},
			"faces": {
				"north": {"uv": [0, 0, 1.6, 3], "texture": "#3"},
				"east": {"uv": [0, 0, 0.5, 3], "texture": "#3"},
				"south": {"uv": [0, 0, 1.6, 3], "texture": "#3"},
				"west": {"uv": [0, 0, 0.5, 3], "texture": "#3"},
				"up": {"uv": [0, 0, 1.6, 0.5], "texture": "#3"},
				"down": {"uv": [0, 0, 1.6, 0.5], "texture": "#3"}
			}
		},
		{
			"from": [-8.2, 3.8, 5.5],
			"to": [-6.6, 4.3, 9.5],
			"rotation": {"angle": 0, "axis": "z", "origin": [4.07782, 5.08628, 7.34107]},
			"faces": {
				"north": {"uv": [0, 0, 1.6, 0.5], "texture": "#3"},
				"east": {"uv": [0, 0, 4, 0.5], "texture": "#3"},
				"south": {"uv": [0, 0, 1.6, 0.5], "texture": "#3"},
				"west": {"uv": [0, 0, 4, 0.5], "texture": "#3"},
				"up": {"uv": [0, 0, 1.6, 4], "texture": "#3"},
				"down": {"uv": [0, 0, 1.6, 4], "texture": "#3"}
			}
		},
		{
			"from": [-8.2, 4.3, 5.5],
			"to": [-6.6, 7.3, 6],
			"rotation": {"angle": 0, "axis": "z", "origin": [4.07782, 5.08628, 7.34107]},
			"faces": {
				"north": {"uv": [0, 0, 1.6, 3], "texture": "#3"},
				"east": {"uv": [0, 0, 0.5, 3], "texture": "#3"},
				"south": {"uv": [0, 0, 1.6, 3], "texture": "#3"},
				"west": {"uv": [0, 0, 0.5, 3], "texture": "#3"},
				"up": {"uv": [0, 0, 1.6, 0.5], "texture": "#3"},
				"down": {"uv": [0, 0, 1.6, 0.5], "texture": "#3"}
			}
		},
		{
			"from": [-8.2, 7.3, 5.5],
			"to": [-6.6, 7.8, 9.5],
			"rotation": {"angle": 0, "axis": "z", "origin": [4.07782, 5.08628, 7.34107]},
			"faces": {
				"north": {"uv": [0, 0, 1.6, 0.5], "texture": "#3"},
				"east": {"uv": [0, 0, 4, 0.5], "texture": "#3"},
				"south": {"uv": [0, 0, 1.6, 0.5], "texture": "#3"},
				"west": {"uv": [0, 0, 4, 0.5], "texture": "#3"},
				"up": {"uv": [0, 0, 1.6, 4], "texture": "#3"},
				"down": {"uv": [0, 0, 1.6, 4], "texture": "#3"}
			}
		},
		{
			"from": [-3.7, 4.1, 5.8],
			"to": [-3.5, 7.5, 9.2],
			"rotation": {"angle": 0, "axis": "z", "origin": [4.07782, 5.08628, 7.34107]},
			"faces": {
				"north": {"uv": [0, 0, 0.2, 3.4], "texture": "#3"},
				"east": {"uv": [0, 0, 3.4, 3.4], "texture": "#3"},
				"south": {"uv": [0, 0, 0.2, 3.4], "texture": "#3"},
				"west": {"uv": [0, 0, 3.4, 3.4], "texture": "#3"},
				"up": {"uv": [0, 0, 0.2, 3.4], "texture": "#3"},
				"down": {"uv": [0, 0, 0.2, 3.4], "texture": "#3"}
			}
		},
		{
			"from": [-3.1, 4.1, 5.8],
			"to": [-2.9, 7.5, 9.2],
			"rotation": {"angle": 0, "axis": "z", "origin": [4.07782, 5.08628, 7.34107]},
			"faces": {
				"north": {"uv": [0, 0, 0.2, 3.4], "texture": "#3"},
				"east": {"uv": [0, 0, 3.4, 3.4], "texture": "#3"},
				"south": {"uv": [0, 0, 0.2, 3.4], "texture": "#3"},
				"west": {"uv": [0, 0, 3.4, 3.4], "texture": "#3"},
				"up": {"uv": [0, 0, 0.2, 3.4], "texture": "#3"},
				"down": {"uv": [0, 0, 0.2, 3.4], "texture": "#3"}
			}
		},
		{
			"from": [6.3, 4.1, 5.8],
			"to": [6.5, 7.5, 9.2],
			"rotation": {"angle": 0, "axis": "z", "origin": [4.07782, 5.08628, 7.34107]},
			"faces": {
				"north": {"uv": [0, 0, 0.2, 3.4], "texture": "#3"},
				"east": {"uv": [0, 0, 3.4, 3.4], "texture": "#3"},
				"south": {"uv": [0, 0, 0.2, 3.4], "texture": "#3"},
				"west": {"uv": [0, 0, 3.4, 3.4], "texture": "#3"},
				"up": {"uv": [0, 0, 0.2, 3.4], "texture": "#3"},
				"down": {"uv": [0, 0, 0.2, 3.4], "texture": "#3"}
			}
		},
		{
			"from": [5.7, 4.1, 5.8],
			"to": [5.9, 7.5, 9.2],
			"rotation": {"angle": 0, "axis": "z", "origin": [4.07782, 5.08628, 7.34107]},
			"faces": {
				"north": {"uv": [0, 0, 0.2, 3.4], "texture": "#3"},
				"east": {"uv": [0, 0, 3.4, 3.4], "texture": "#3"},
				"south": {"uv": [0, 0, 0.2, 3.4], "texture": "#3"},
				"west": {"uv": [0, 0, 3.4, 3.4], "texture": "#3"},
				"up": {"uv": [0, 0, 0.2, 3.4], "texture": "#3"},
				"down": {"uv": [0, 0, 0.2, 3.4], "texture": "#3"}
			}
		},
		{
			"from": [10.7, 3.8, 5.5],
			"to": [12.3, 7.8, 9.5],
			"rotation": {"angle": 0, "axis": "z", "origin": [4.07782, 5.08628, 7.34107]},
			"faces": {
				"north": {"uv": [0, 0, 1.6, 4], "texture": "#3"},
				"east": {"uv": [0, 0, 4, 4], "texture": "#3"},
				"south": {"uv": [0, 0, 1.6, 4], "texture": "#3"},
				"west": {"uv": [0, 0, 4, 4], "texture": "#3"},
				"up": {"uv": [0, 0, 1.6, 4], "texture": "#3"},
				"down": {"uv": [0, 0, 1.6, 4], "texture": "#3"}
			}
		},
		{
			"from": [14.8, 3.8, 5.5],
			"to": [16.4, 7.8, 9.5],
			"rotation": {"angle": 0, "axis": "z", "origin": [4.07782, 5.08628, 7.34107]},
			"faces": {
				"north": {"uv": [0, 0, 1.6, 4], "texture": "#3"},
				"east": {"uv": [0, 0, 4, 4], "texture": "#3"},
				"south": {"uv": [0, 0, 1.6, 4], "texture": "#3"},
				"west": {"uv": [0, 0, 4, 4], "texture": "#3"},
				"up": {"uv": [0, 0, 1.6, 4], "texture": "#3"},
				"down": {"uv": [0, 0, 1.6, 4], "texture": "#3"}
			}
		},
		{
			"from": [18.8, 3.8, 5.5],
			"to": [19.8, 7.8, 9.5],
			"rotation": {"angle": 0, "axis": "z", "origin": [4.07782, 5.08628, 7.34107]},
			"faces": {
				"north": {"uv": [0, 0, 1, 4], "texture": "#3"},
				"east": {"uv": [0, 0, 4, 4], "texture": "#3"},
				"south": {"uv": [0, 0, 1, 4], "texture": "#3"},
				"west": {"uv": [0, 0, 4, 4], "texture": "#3"},
				"up": {"uv": [0, 0, 1, 4], "texture": "#3"},
				"down": {"uv": [0, 0, 1, 4], "texture": "#3"}
			}
		},
		{
			"from": [19.8, 3.3, 5],
			"to": [21.5, 8.3, 10],
			"rotation": {"angle": 0, "axis": "z", "origin": [4.07782, 5.08628, 7.34107]},
			"faces": {
				"north": {"uv": [0, 0, 1.7, 5], "texture": "#3"},
				"east": {"uv": [0, 0, 5, 5], "texture": "#3"},
				"south": {"uv": [0, 0, 1.7, 5], "texture": "#3"},
				"west": {"uv": [0, 0, 5, 5], "texture": "#3"},
				"up": {"uv": [0, 0, 1.7, 5], "texture": "#3"},
				"down": {"uv": [0, 0, 1.7, 5], "texture": "#3"}
			}
		},
		{
			"from": [21.9, 3.3, 5],
			"to": [23, 8.3, 10],
			"rotation": {"angle": 0, "axis": "z", "origin": [4.07782, 5.08628, 7.34107]},
			"faces": {
				"north": {"uv": [0, 0, 1.1, 5], "texture": "#3"},
				"east": {"uv": [0, 0, 5, 5], "texture": "#3"},
				"south": {"uv": [0, 0, 1.1, 5], "texture": "#3"},
				"west": {"uv": [0, 0, 5, 5], "texture": "#3"},
				"up": {"uv": [0, 0, 1.1, 5], "texture": "#3"},
				"down": {"uv": [0, 0, 1.1, 5], "texture": "#3"}
			}
		},
		{
			"from": [13, 4.3, 6],
			"to": [14.1, 7.3, 9],
			"rotation": {"angle": 0, "axis": "z", "origin": [4.07782, 5.08628, 7.34107]},
			"faces": {
				"north": {"uv": [14.9, 8, 16, 9], "texture": "#4"},
				"east": {"uv": [14.9, 8, 16, 9], "texture": "#4"},
				"south": {"uv": [14.9, 8, 16, 9], "texture": "#4"},
				"west": {"uv": [14.9, 8, 16, 9], "texture": "#4"},
				"up": {"uv": [14.9, 8, 16, 9], "texture": "#4"},
				"down": {"uv": [14.9, 8, 16, 9], "texture": "#4"}
			}
		}
	],
	"gui_light": "front",
	"display": {
		"thirdperson_righthand": {
			"rotation": [0, -89, 0],
			"translation": [0, 3.5, 2.5]
		},
		"thirdperson_lefthand": {
			"rotation": [0, 90, 0],
			"translation": [0, 3.5, 2.5]
		},
		"firstperson_righthand": {
			"rotation": [0, -100, 0],
			"translation": [0, 4.5, 3.5]
		},
		"firstperson_lefthand": {
			"rotation": [0, 91, 0],
			"translation": [9.5, 6, 4.75]
		},
		"ground": {
			"rotation": [83, 0, 0],
			"translation": [0, -0.5, 0]
		},
		"gui": {
			"rotation": [18, 135, 0],
			"translation": [1.25, 0.25, 0],
			"scale": [0.6, 0.6, 0.6]
		}
	},
	"groups": [
		0,
		1,
		{
			"name": "base",
			"origin": [0, 0, 0],
			"color": 0,
			"children": [2, 3, 4, 5, 6, 7, 8, 9, 10, 11, 12, 13]
		},
		{
			"name": "group",
			"origin": [0, 0, 0],
			"color": 0,
			"children": [14, 15, 16, 17, 18, 19, 20, 21, 22, 23, 24, 25, 26, 27]
		}
	]
}