{
	"credit": "Made with Blockbench",
	"textures": {
		"0": "block/anvil",
		"1": "block/andesite",
		"3": "block/dark_oak_planks",
		"4": "block/spruce_planks",
		"5": "block/black_concrete",
		"particle": "block/anvil"
	},
	"elements": [
		{
			"from": [-7.592, 2.83052, 8.005],
			"to": [-4.992, 4.63052, 10.005],
			"rotation": {"angle": 45, "axis": "z", "origin": [-5.292, 3.73052, 9]},
			"faces": {
				"north": {"uv": [0, 0, 16, 16], "texture": "#4"},
				"east": {"uv": [0, 0, 16, 16], "texture": "#4"},
				"south": {"uv": [0, 0, 16, 16], "texture": "#4"},
				"west": {"uv": [0, 0, 16, 16], "texture": "#4"},
				"up": {"uv": [0, 0, 16, 16], "texture": "#4"},
				"down": {"uv": [0, 0, 16, 16], "texture": "#4"}
			}
		},
		{
			"from": [-8.19911, 1.02341, 8.001],
			"to": [-6.19911, 3.52341, 10.001],
			"rotation": {"angle": -22.5, "axis": "z", "origin": [-5.99911, 3.02341, 9]},
			"faces": {
				"north": {"uv": [0, 0, 16, 16], "texture": "#4"},
				"east": {"uv": [0, 0, 16, 16], "texture": "#4"},
				"south": {"uv": [0, 0, 16, 16], "texture": "#4"},
				"west": {"uv": [0, 0, 16, 16], "texture": "#4"},
				"up": {"uv": [0, 0, 16, 16], "texture": "#4"},
				"down": {"uv": [0, 0, 16, 16], "texture": "#4"}
			}
		},
		{
			"from": [-8.12074, 1.29511, 8.002],
			"to": [-6.32074, 2.49511, 10.002],
			"rotation": {"angle": -22.5, "axis": "z", "origin": [-7.22074, 1.19511, 9]},
			"faces": {
				"north": {"uv": [0, 0, 16, 16], "texture": "#4"},
				"east": {"uv": [0, 0, 16, 16], "texture": "#4"},
				"south": {"uv": [0, 0, 16, 16], "texture": "#4"},
				"west": {"uv": [0, 0, 16, 16], "texture": "#4"},
				"up": {"uv": [0, 0, 16, 16], "texture": "#4"},
				"down": {"uv": [0, 0, 16, 16], "texture": "#4"}
			}
		},
		{
			"from": [-12.8403, 1.42726, 8.001],
			"to": [-7.8403, 4.32726, 10.001],
			"rotation": {"angle": 0, "axis": "z", "origin": [-6.9403, 3.12726, 9]},
			"faces": {
				"north": {"uv": [0, 0, 16, 16], "texture": "#4"},
				"east": {"uv": [0, 0, 16, 16], "texture": "#4"},
				"south": {"uv": [0, 0, 16, 16], "texture": "#4"},
				"west": {"uv": [0, 0, 16, 16], "texture": "#4"},
				"up": {"uv": [0, 0, 16, 16], "texture": "#4"},
				"down": {"uv": [0, 0, 16, 16], "texture": "#4"}
			}
		},
		{
			"from": [-8.47073, 0.93331, 8.003],
			"to": [-6.97073, 1.53331, 10.003],
			"rotation": {"angle": 22.5, "axis": "z", "origin": [-8.62073, 0.48331, 9]},
			"faces": {
				"north": {"uv": [0, 0, 16, 16], "texture": "#4"},
				"east": {"uv": [0, 0, 16, 16], "texture": "#4"},
				"south": {"uv": [0, 0, 16, 16], "texture": "#4"},
				"west": {"uv": [0, 0, 16, 16], "texture": "#4"},
				"up": {"uv": [0, 0, 16, 16], "texture": "#4"},
				"down": {"uv": [0, 0, 16, 16], "texture": "#4"}
			}
		},
		{
			"from": [9.8, 3, 8.2],
			"to": [17.8, 4.5, 9.8],
			"rotation": {"angle": 0, "axis": "y", "origin": [-4.7, 0, 0]},
			"faces": {
				"north": {"uv": [0, 0, 16, 16], "texture": "#4"},
				"east": {"uv": [0, 0, 16, 16], "texture": "#4"},
				"south": {"uv": [0, 0, 16, 16], "texture": "#4"},
				"west": {"uv": [0, 0, 16, 16], "texture": "#4"},
				"up": {"uv": [0, 0, 16, 16], "texture": "#4"},
				"down": {"uv": [0, 0, 16, 16], "texture": "#4"}
			}
		},
		{
			"from": [-12.85435, 0.95646, 8.001],
			"to": [-8.65435, 1.75646, 10.001],
			"rotation": {"angle": 0, "axis": "z", "origin": [-8.40435, 0.50646, 9]},
			"faces": {
				"north": {"uv": [0, 0, 16, 16], "texture": "#4"},
				"east": {"uv": [0, 0, 16, 16], "texture": "#4"},
				"south": {"uv": [0, 0, 16, 16], "texture": "#4"},
				"west": {"uv": [0, 0, 16, 16], "texture": "#4"},
				"up": {"uv": [0, 0, 16, 16], "texture": "#4"},
				"down": {"uv": [0, 0, 16, 16], "texture": "#4"}
			}
		},
		{
			"from": [-12.8403, 1.42726, 8],
			"to": [-7.8403, 4.32726, 10],
			"rotation": {"angle": 0, "axis": "y", "origin": [-6.9403, 3.12726, 9]},
			"faces": {
				"north": {"uv": [0, 0, 16, 16], "texture": "#4"},
				"east": {"uv": [0, 0, 16, 16], "texture": "#4"},
				"south": {"uv": [0, 0, 16, 16], "texture": "#4"},
				"west": {"uv": [0, 0, 16, 16], "texture": "#4"},
				"up": {"uv": [0, 0, 16, 16], "texture": "#4"},
				"down": {"uv": [0, 0, 16, 16], "texture": "#4"}
			}
		},
		{
			"from": [-13.0403, 0.92726, 8],
			"to": [-12.8403, 4.32726, 10],
			"rotation": {"angle": 0, "axis": "y", "origin": [-6.9403, 3.12726, 9]},
			"faces": {
				"north": {"uv": [0, 0, 16, 16], "texture": "#3"},
				"east": {"uv": [0, 0, 16, 16], "texture": "#3"},
				"south": {"uv": [0, 0, 16, 16], "texture": "#3"},
				"west": {"uv": [0, 0, 16, 16], "texture": "#3"},
				"up": {"uv": [0, 0, 16, 16], "texture": "#3"},
				"down": {"uv": [0, 0, 16, 16], "texture": "#3"}
			}
		},
		{
			"from": [-4.8, 3, 8.001],
			"to": [6.4, 4.9, 10.001],
			"rotation": {"angle": 0, "axis": "y", "origin": [-4.7, 0, 0]},
			"faces": {
				"north": {"uv": [5.6, 12.55, 16, 16], "texture": "#0"},
				"east": {"uv": [5.6, 12.75, 16, 16], "texture": "#0"},
				"south": {"uv": [5.6, 12.75, 16, 16], "texture": "#0"},
				"west": {"uv": [5.6, 12.75, 16, 16], "texture": "#0"},
				"up": {"uv": [5.6, 12.75, 16, 16], "texture": "#0"},
				"down": {"uv": [5.6, 12.75, 16, 16], "texture": "#0"}
			}
		},
		{
			"from": [-0.43076, 2.16716, 8],
			"to": [0.46924, 2.26716, 10],
			"rotation": {"angle": 45, "axis": "z", "origin": [0.01924, 2.21716, 9]},
			"faces": {
				"north": {"uv": [5.6, 12.55, 16, 16], "texture": "#0"},
				"east": {"uv": [5.6, 12.75, 16, 16], "texture": "#0"},
				"south": {"uv": [5.6, 12.75, 16, 16], "texture": "#0"},
				"west": {"uv": [5.6, 12.75, 16, 16], "texture": "#0"},
				"up": {"uv": [5.6, 12.75, 16, 16], "texture": "#0"},
				"down": {"uv": [5.6, 12.75, 16, 16], "texture": "#0"}
			}
		},
		{
			"from": [0.27279, 2.5, 8],
			"to": [0.37279, 3.4, 10],
			"rotation": {"angle": 0, "axis": "y", "origin": [-5.02721, 0, 0]},
			"faces": {
				"north": {"uv": [5.6, 12.55, 16, 16], "texture": "#0"},
				"east": {"uv": [5.6, 12.75, 16, 16], "texture": "#0"},
				"south": {"uv": [5.6, 12.75, 16, 16], "texture": "#0"},
				"west": {"uv": [5.6, 12.75, 16, 16], "texture": "#0"},
				"up": {"uv": [5.6, 12.75, 16, 16], "texture": "#0"},
				"down": {"uv": [5.6, 12.75, 16, 16], "texture": "#0"}
			}
		},
		{
			"from": [-1.8, 2.5, 8],
			"to": [-1.7, 3.4, 10],
			"rotation": {"angle": 0, "axis": "y", "origin": [-4.7, 0, 0]},
			"faces": {
				"north": {"uv": [5.6, 12.55, 16, 16], "texture": "#0"},
				"east": {"uv": [5.6, 12.75, 16, 16], "texture": "#0"},
				"south": {"uv": [5.6, 12.75, 16, 16], "texture": "#0"},
				"west": {"uv": [5.6, 12.75, 16, 16], "texture": "#0"},
				"up": {"uv": [5.6, 12.75, 16, 16], "texture": "#0"},
				"down": {"uv": [5.6, 12.75, 16, 16], "texture": "#0"}
			}
		},
		{
			"from": [-1.1636, 1.8636, 8],
			"to": [-0.2636, 1.9636, 10],
			"rotation": {"angle": 0, "axis": "z", "origin": [-3.7136, 1.9136, 9]},
			"faces": {
				"north": {"uv": [5.6, 12.55, 16, 16], "texture": "#0"},
				"east": {"uv": [5.6, 12.75, 16, 16], "texture": "#0"},
				"south": {"uv": [5.6, 12.75, 16, 16], "texture": "#0"},
				"west": {"uv": [5.6, 12.75, 16, 16], "texture": "#0"},
				"up": {"uv": [5.6, 12.75, 16, 16], "texture": "#0"},
				"down": {"uv": [5.6, 12.75, 16, 16], "texture": "#0"}
			}
		},
		{
			"from": [-2.36213, 1.65711, 8],
			"to": [-2.26213, 2.55711, 10],
			"rotation": {"angle": 45, "axis": "z", "origin": [-2.01213, 3.20711, 9]},
			"faces": {
				"north": {"uv": [5.6, 12.55, 16, 16], "texture": "#0"},
				"east": {"uv": [5.6, 12.75, 16, 16], "texture": "#0"},
				"south": {"uv": [5.6, 12.75, 16, 16], "texture": "#0"},
				"west": {"uv": [5.6, 12.75, 16, 16], "texture": "#0"},
				"up": {"uv": [5.6, 12.75, 16, 16], "texture": "#0"},
				"down": {"uv": [5.6, 12.75, 16, 16], "texture": "#0"}
			}
		},
		{
			"from": [-5.63509, 3.57095, 8],
			"to": [-2.03509, 5.37095, 10],
			"rotation": {"angle": 22.5, "axis": "z", "origin": [-3.68509, 4.77095, 9]},
			"faces": {
				"north": {"uv": [5.6, 12.55, 16, 16], "texture": "#0"},
				"east": {"uv": [5.6, 12.75, 16, 16], "texture": "#0"},
				"south": {"uv": [5.6, 12.75, 16, 16], "texture": "#0"},
				"west": {"uv": [5.6, 12.75, 16, 16], "texture": "#0"},
				"up": {"uv": [5.6, 12.75, 16, 16], "texture": "#0"},
				"down": {"uv": [5.6, 12.75, 16, 16], "texture": "#0"}
			}
		},
		{
			"from": [-2.4, 3.8, 8.002],
			"to": [6.4, 5.95, 10.002],
			"rotation": {"angle": 0, "axis": "y", "origin": [-4.7, 0, 0]},
			"faces": {
				"north": {"uv": [5.6, 12.55, 16, 16], "texture": "#0"},
				"east": {"uv": [5.6, 12.75, 16, 16], "texture": "#0"},
				"south": {"uv": [5.6, 12.75, 16, 16], "texture": "#0"},
				"west": {"uv": [5.6, 12.75, 16, 16], "texture": "#0"},
				"up": {"uv": [5.6, 12.75, 16, 16], "texture": "#0"},
				"down": {"uv": [5.6, 12.75, 16, 16], "texture": "#0"}
			}
		},
		{
			"from": [-4.8, 3.1, 8.3],
			"to": [23.1, 4.4, 9.7],
			"rotation": {"angle": 0, "axis": "y", "origin": [-4.7, 0, 0]},
			"faces": {
				"north": {"uv": [5.6, 12.55, 16, 16], "texture": "#0"},
				"east": {"uv": [5.6, 12.75, 16, 16], "texture": "#0"},
				"south": {"uv": [5.6, 12.75, 16, 16], "texture": "#0"},
				"west": {"uv": [5.6, 12.75, 16, 16], "texture": "#0"},
				"up": {"uv": [5.6, 12.75, 16, 16], "texture": "#0"},
				"down": {"uv": [5.6, 12.75, 16, 16], "texture": "#0"}
			}
		},
		{
			"from": [-4.8, 3.1, 8.5],
			"to": [18.2, 4.7, 9.5],
			"rotation": {"angle": 0, "axis": "y", "origin": [-4.7, 0, 0]},
			"faces": {
				"north": {"uv": [5.6, 12.55, 16, 16], "texture": "#0"},
				"east": {"uv": [5.6, 12.75, 16, 16], "texture": "#0"},
				"south": {"uv": [5.6, 12.75, 16, 16], "texture": "#0"},
				"west": {"uv": [5.6, 12.75, 16, 16], "texture": "#0"},
				"up": {"uv": [5.6, 12.75, 16, 16], "texture": "#0"},
				"down": {"uv": [5.6, 12.75, 16, 16], "texture": "#0"}
			}
		},
		{
			"from": [6.4, 5, 8.4],
			"to": [26.7, 5.9, 9.5],
			"rotation": {"angle": 0, "axis": "y", "origin": [-4.7, 0, 0]},
			"faces": {
				"north": {"uv": [5.6, 12.55, 16, 16], "texture": "#0"},
				"east": {"uv": [5.6, 12.75, 16, 16], "texture": "#5"},
				"south": {"uv": [5.6, 12.75, 16, 16], "texture": "#0"},
				"west": {"uv": [5.6, 12.75, 16, 16], "texture": "#0"},
				"up": {"uv": [5.6, 12.75, 16, 16], "texture": "#0"},
				"down": {"uv": [5.6, 12.75, 16, 16], "texture": "#0"}
			}
		},
		{
			"from": [21.5, 3.1, 8.5],
			"to": [22.2, 4.7, 9.5],
			"rotation": {"angle": 0, "axis": "y", "origin": [-4.7, 0, 0]},
			"faces": {
				"north": {"uv": [5.6, 12.55, 16, 16], "texture": "#0"},
				"east": {"uv": [5.6, 12.75, 16, 16], "texture": "#0"},
				"south": {"uv": [5.6, 12.75, 16, 16], "texture": "#0"},
				"west": {"uv": [5.6, 12.75, 16, 16], "texture": "#0"},
				"up": {"uv": [5.6, 12.75, 16, 16], "texture": "#0"},
				"down": {"uv": [5.6, 12.75, 16, 16], "texture": "#0"}
			}
		},
		{
			"from": [-1.43284, 2.1864, 8.2],
			"to": [-1.33284, 2.6864, 9.1],
			"rotation": {"angle": 45, "axis": "z", "origin": [-1.08284, 3.3364, 8.1]},
			"faces": {
				"north": {"uv": [14, 8, 14.9, 8.5], "texture": "#1"},
				"east": {"uv": [14, 8, 14.9, 8.5], "texture": "#1"},
				"south": {"uv": [14, 8, 14.9, 8.5], "texture": "#1"},
				"west": {"uv": [14, 8, 14.9, 8.5], "texture": "#1"},
				"up": {"uv": [14, 8, 14.9, 8.5], "texture": "#1"},
				"down": {"uv": [14, 8, 14.9, 8.5], "texture": "#1"}
			}
		},
		{
			"from": [-0.87071, 2.62929, 8.2],
			"to": [-0.77071, 3.12929, 9.1],
			"rotation": {"angle": 0, "axis": "y", "origin": [-3.77071, -0.27071, -0.9]},
			"faces": {
				"north": {"uv": [14, 8, 14.9, 8.5], "texture": "#1"},
				"east": {"uv": [14, 8, 14.9, 8.5], "texture": "#1"},
				"south": {"uv": [14, 8, 14.9, 8.5], "texture": "#1"},
				"west": {"uv": [14, 8, 14.9, 8.5], "texture": "#1"},
				"up": {"uv": [14, 8, 14.9, 8.5], "texture": "#1"},
				"down": {"uv": [14, 8, 14.9, 8.5], "texture": "#1"}
			}
		},
		{
			"from": [6.3, 5, 9.4],
			"to": [27.3, 5.7, 9.7],
			"rotation": {"angle": 0, "axis": "y", "origin": [-0.9, 0, 0]},
			"faces": {
				"north": {"uv": [0, 14, 16, 16], "texture": "#0"},
				"east": {"uv": [0, 14, 16, 16], "texture": "#0"},
				"south": {"uv": [0, 14, 16, 16], "texture": "#0"},
				"west": {"uv": [0, 14, 16, 16], "texture": "#0"},
				"up": {"uv": [0, 14, 16, 16], "texture": "#0"},
				"down": {"uv": [0, 14, 16, 16], "texture": "#0"}
			}
		},
		{
			"from": [6.3, 5.7, 8.3],
			"to": [27.3, 6, 9.7],
			"rotation": {"angle": 0, "axis": "y", "origin": [-0.9, 0, 0]},
			"faces": {
				"north": {"uv": [0, 14, 16, 16], "texture": "#0"},
				"east": {"uv": [0, 14, 16, 16], "texture": "#0"},
				"south": {"uv": [0, 14, 16, 16], "texture": "#0"},
				"west": {"uv": [0, 14, 16, 16], "texture": "#0"},
				"up": {"uv": [0, 14, 16, 16], "texture": "#0"},
				"down": {"uv": [0, 14, 16, 16], "texture": "#0"}
			}
		},
		{
			"from": [6.3, 5, 8.3],
			"to": [27.3, 5.7, 8.6],
			"rotation": {"angle": 0, "axis": "y", "origin": [-0.9, 0, 0]},
			"faces": {
				"north": {"uv": [0, 14, 16, 16], "texture": "#0"},
				"east": {"uv": [0, 14, 16, 16], "texture": "#0"},
				"south": {"uv": [0, 14, 16, 16], "texture": "#0"},
				"west": {"uv": [0, 14, 16, 16], "texture": "#0"},
				"up": {"uv": [0, 14, 16, 16], "texture": "#0"},
				"down": {"uv": [0, 14, 16, 16], "texture": "#0"}
			}
		},
		{
			"from": [6.3, 4.7, 8.3],
			"to": [27.3, 5, 9.7],
			"rotation": {"angle": 0, "axis": "y", "origin": [-0.9, 0, 0]},
			"faces": {
				"north": {"uv": [0, 14, 16, 16], "texture": "#0"},
				"east": {"uv": [0, 14, 16, 16], "texture": "#0"},
				"south": {"uv": [0, 14, 16, 16], "texture": "#0"},
				"west": {"uv": [0, 14, 16, 16], "texture": "#0"},
				"up": {"uv": [0, 14, 16, 16], "texture": "#0"},
				"down": {"uv": [0, 14, 16, 16], "texture": "#0"}
			}
		}
	],
	"gui_light": "front",
	"display": {
		"thirdperson_righthand": {
			"rotation": [0, 90, 0],
			"translation": [-0.5, 3.25, -2],
			"scale": [0.5, 0.6, 0.6]
		},
		"thirdperson_lefthand": {
			"rotation": [0, -90, 0],
			"translation": [0.5, 3.25, -2],
			"scale": [0.5, 0.6, 0.6]
		},
		"firstperson_righthand": {
			"rotation": [-24, 159, 0],
			"translation": [-7.75, 3.75, -5]
		},
		"firstperson_lefthand": {
			"rotation": [0, -95, 0],
			"translation": [11.75, 7.5, -5]
		},
		"ground": {
			"rotation": [84, 0, 0]
		},
		"gui": {
			"rotation": [19, 130, 0],
			"translation": [1, 1, 0],
			"scale": [0.58, 0.58, 0.58]
		}
	},
	"groups": [
		{
			"name": "group",
			"origin": [-3.70435, 0.50646, 9],
			"color": 0,
			"children": [0, 1, 2, 3, 4, 5, 6, 7]
		},
		8,
		{
			"name": "group",
			"origin": [0, 0, 0],
			"color": 0,
			"children": [9, 10, 11, 12, 13, 14, 15, 16, 17, 18, 19, 20]
		},
		{
			"name": "group",
			"origin": [0.62929, -0.27071, -0.5],
			"color": 0,
			"children": [21, 22]
		},
		{
			"name": "group",
			"origin": [-0.9, 0, 0],
			"color": 0,
			"children": [23, 24, 25, 26]
		}
	]
}