{
	"credit": "Made with Blockbench",
	"textures": {
		"1": "block/andesite",
		"3": "block/dark_oak_planks",
		"5": "block/black_concrete",
		"6": "block/black_glazed_terracotta",
		"7": "block/crimson_planks",
		"particle": "block/anvil"
	},
	"elements": [
		{
			"from": [-3.792, 2.83052, 8.005],
			"to": [-1.192, 4.63052, 10.005],
			"rotation": {"angle": 45, "axis": "z", "origin": [-1.492, 3.73052, 9]},
			"faces": {
				"north": {"uv": [0, 0, 16, 16], "texture": "#7"},
				"east": {"uv": [0, 0, 16, 16], "texture": "#7"},
				"south": {"uv": [0, 0, 16, 16], "texture": "#7"},
				"west": {"uv": [0, 0, 16, 16], "texture": "#7"},
				"up": {"uv": [0, 0, 16, 16], "texture": "#7"},
				"down": {"uv": [0, 0, 16, 16], "texture": "#7"}
			}
		},
		{
			"from": [-4.39911, 1.02341, 8.001],
			"to": [-2.39911, 3.52341, 9.991],
			"rotation": {"angle": -22.5, "axis": "z", "origin": [-2.19911, 3.02341, 9]},
			"faces": {
				"north": {"uv": [0, 0, 16, 16], "texture": "#7"},
				"east": {"uv": [0, 0, 16, 16], "texture": "#7"},
				"south": {"uv": [0, 0, 16, 16], "texture": "#7"},
				"west": {"uv": [0, 0, 16, 16], "texture": "#7"},
				"up": {"uv": [0, 0, 16, 16], "texture": "#7"},
				"down": {"uv": [0, 0, 16, 16], "texture": "#7"}
			}
		},
		{
			"from": [-4.32074, 1.29511, 8.01],
			"to": [-2.52074, 2.49511, 10],
			"rotation": {"angle": -22.5, "axis": "z", "origin": [-3.42074, 1.19511, 9]},
			"faces": {
				"north": {"uv": [0, 0, 16, 16], "texture": "#7"},
				"east": {"uv": [0, 0, 16, 16], "texture": "#7"},
				"south": {"uv": [0, 0, 16, 16], "texture": "#7"},
				"west": {"uv": [0, 0, 16, 16], "texture": "#7"},
				"up": {"uv": [0, 0, 16, 16], "texture": "#7"},
				"down": {"uv": [0, 0, 16, 16], "texture": "#7"}
			}
		},
		{
			"from": [-4.67073, 0.93331, 8.00001],
			"to": [-3.17073, 1.53331, 9.99001],
			"rotation": {"angle": 22.5, "axis": "z", "origin": [-4.82073, 0.48331, 9]},
			"faces": {
				"north": {"uv": [0, 0, 16, 16], "texture": "#7"},
				"east": {"uv": [0, 0, 16, 16], "texture": "#7"},
				"south": {"uv": [0, 0, 16, 16], "texture": "#7"},
				"west": {"uv": [0, 0, 16, 16], "texture": "#7"},
				"up": {"uv": [0, 0, 16, 16], "texture": "#7"},
				"down": {"uv": [0, 0, 16, 16], "texture": "#7"}
			}
		},
		{
			"from": [13.6, 3, 8.2],
			"to": [21.6, 4.5, 9.8],
			"rotation": {"angle": 0, "axis": "y", "origin": [-0.9, 0, 0]},
			"faces": {
				"north": {"uv": [0, 0, 16, 16], "texture": "#7"},
				"east": {"uv": [0, 0, 16, 16], "texture": "#7"},
				"south": {"uv": [0, 0, 16, 16], "texture": "#7"},
				"west": {"uv": [0, 0, 16, 16], "texture": "#7"},
				"up": {"uv": [0, 0, 16, 16], "texture": "#7"},
				"down": {"uv": [0, 0, 16, 16], "texture": "#7"}
			}
		},
		{
			"from": [-9.05435, 0.95646, 8],
			"to": [-4.85435, 1.75646, 10],
			"rotation": {"angle": 0, "axis": "z", "origin": [-4.60435, 0.50646, 9]},
			"faces": {
				"north": {"uv": [0, 0, 16, 16], "texture": "#7"},
				"east": {"uv": [0, 0, 16, 16], "texture": "#7"},
				"south": {"uv": [0, 0, 16, 16], "texture": "#7"},
				"west": {"uv": [0, 0, 16, 16], "texture": "#7"},
				"up": {"uv": [0, 0, 16, 16], "texture": "#7"},
				"down": {"uv": [0, 0, 16, 16], "texture": "#7"}
			}
		},
		{
			"from": [-9.0403, 1.42726, 8.0001],
			"to": [-4.0403, 4.32726, 9.9901],
			"rotation": {"angle": 0, "axis": "y", "origin": [-3.1403, 3.12726, 9]},
			"faces": {
				"north": {"uv": [0, 0, 16, 16], "texture": "#7"},
				"east": {"uv": [0, 0, 16, 16], "texture": "#7"},
				"south": {"uv": [0, 0, 16, 16], "texture": "#7"},
				"west": {"uv": [0, 0, 16, 16], "texture": "#7"},
				"up": {"uv": [0, 0, 16, 16], "texture": "#7"},
				"down": {"uv": [0, 0, 16, 16], "texture": "#7"}
			}
		},
		{
			"from": [-9.2403, 0.92726, 8],
			"to": [-9.0403, 4.32726, 10],
			"rotation": {"angle": 0, "axis": "y", "origin": [-3.1403, 3.12726, 9]},
			"faces": {
				"north": {"uv": [0, 0, 16, 16], "texture": "#3"},
				"east": {"uv": [0, 0, 16, 16], "texture": "#3"},
				"south": {"uv": [0, 0, 16, 16], "texture": "#3"},
				"west": {"uv": [0, 0, 16, 16], "texture": "#3"},
				"up": {"uv": [0, 0, 16, 16], "texture": "#3"},
				"down": {"uv": [0, 0, 16, 16], "texture": "#3"}
			}
		},
		{
			"from": [-1, 3, 8.0001],
			"to": [10.2, 4, 10.0001],
			"rotation": {"angle": 0, "axis": "y", "origin": [-0.9, 0, 0]},
			"faces": {
				"north": {"uv": [5.6, 12.55, 16, 16], "texture": "#6"},
				"east": {"uv": [5.6, 12.75, 16, 16], "texture": "#6"},
				"south": {"uv": [5.6, 12.75, 16, 16], "texture": "#6"},
				"west": {"uv": [5.6, 12.75, 16, 16], "texture": "#6"},
				"up": {"uv": [5.6, 12.75, 16, 16], "texture": "#6"},
				"down": {"uv": [5.6, 12.75, 16, 16], "texture": "#6"}
			}
		},
		{
			"from": [3.36924, 2.16716, 8],
			"to": [4.26924, 2.26716, 10],
			"rotation": {"angle": 45, "axis": "z", "origin": [3.81924, 2.21716, 9]},
			"faces": {
				"north": {"uv": [5.6, 12.55, 16, 16], "texture": "#6"},
				"east": {"uv": [5.6, 12.75, 16, 16], "texture": "#6"},
				"south": {"uv": [5.6, 12.75, 16, 16], "texture": "#6"},
				"west": {"uv": [5.6, 12.75, 16, 16], "texture": "#6"},
				"up": {"uv": [5.6, 12.75, 16, 16], "texture": "#6"},
				"down": {"uv": [5.6, 12.75, 16, 16], "texture": "#6"}
			}
		},
		{
			"from": [4.07279, 2.5, 8],
			"to": [4.17279, 3.4, 10],
			"rotation": {"angle": 0, "axis": "y", "origin": [-1.22721, 0, 0]},
			"faces": {
				"north": {"uv": [5.6, 12.55, 16, 16], "texture": "#6"},
				"east": {"uv": [5.6, 12.75, 16, 16], "texture": "#6"},
				"south": {"uv": [5.6, 12.75, 16, 16], "texture": "#6"},
				"west": {"uv": [5.6, 12.75, 16, 16], "texture": "#6"},
				"up": {"uv": [5.6, 12.75, 16, 16], "texture": "#6"},
				"down": {"uv": [5.6, 12.75, 16, 16], "texture": "#6"}
			}
		},
		{
			"from": [2, 2.5, 8],
			"to": [2.1, 3.4, 10],
			"rotation": {"angle": 0, "axis": "y", "origin": [-0.9, 0, 0]},
			"faces": {
				"north": {"uv": [5.6, 12.55, 16, 16], "texture": "#6"},
				"east": {"uv": [5.6, 12.75, 16, 16], "texture": "#6"},
				"south": {"uv": [5.6, 12.75, 16, 16], "texture": "#6"},
				"west": {"uv": [5.6, 12.75, 16, 16], "texture": "#6"},
				"up": {"uv": [5.6, 12.75, 16, 16], "texture": "#6"},
				"down": {"uv": [5.6, 12.75, 16, 16], "texture": "#6"}
			}
		},
		{
			"from": [2.6364, 1.8636, 8],
			"to": [3.5364, 1.9636, 10],
			"rotation": {"angle": 0, "axis": "z", "origin": [0.0864, 1.9136, 9]},
			"faces": {
				"north": {"uv": [5.6, 12.55, 16, 16], "texture": "#6"},
				"east": {"uv": [5.6, 12.75, 16, 16], "texture": "#6"},
				"south": {"uv": [5.6, 12.75, 16, 16], "texture": "#6"},
				"west": {"uv": [5.6, 12.75, 16, 16], "texture": "#6"},
				"up": {"uv": [5.6, 12.75, 16, 16], "texture": "#6"},
				"down": {"uv": [5.6, 12.75, 16, 16], "texture": "#6"}
			}
		},
		{
			"from": [1.43787, 1.65711, 8],
			"to": [1.53787, 2.55711, 10],
			"rotation": {"angle": 45, "axis": "z", "origin": [1.78787, 3.20711, 9]},
			"faces": {
				"north": {"uv": [5.6, 12.55, 16, 16], "texture": "#6"},
				"east": {"uv": [5.6, 12.75, 16, 16], "texture": "#6"},
				"south": {"uv": [5.6, 12.75, 16, 16], "texture": "#6"},
				"west": {"uv": [5.6, 12.75, 16, 16], "texture": "#6"},
				"up": {"uv": [5.6, 12.75, 16, 16], "texture": "#6"},
				"down": {"uv": [5.6, 12.75, 16, 16], "texture": "#6"}
			}
		},
		{
			"from": [-1.83509, 3.57095, 8.001],
			"to": [1.76491, 5.37095, 10.001],
			"rotation": {"angle": 22.5, "axis": "z", "origin": [0.11491, 4.77095, 9]},
			"faces": {
				"north": {"uv": [5.6, 12.55, 16, 16], "texture": "#6"},
				"east": {"uv": [5.6, 12.75, 16, 16], "texture": "#6"},
				"south": {"uv": [5.6, 12.75, 16, 16], "texture": "#6"},
				"west": {"uv": [5.6, 12.75, 16, 16], "texture": "#6"},
				"up": {"uv": [5.6, 12.75, 16, 16], "texture": "#6"},
				"down": {"uv": [5.6, 12.75, 16, 16], "texture": "#6"}
			}
		},
		{
			"from": [1.4, 3.8, 8],
			"to": [10.2, 5.95, 10],
			"rotation": {"angle": 0, "axis": "y", "origin": [-0.9, 0, 0]},
			"faces": {
				"north": {"uv": [5.6, 12.55, 16, 16], "texture": "#6"},
				"east": {"uv": [5.6, 12.75, 16, 16], "texture": "#6"},
				"south": {"uv": [5.6, 12.75, 16, 16], "texture": "#6"},
				"west": {"uv": [5.6, 12.75, 16, 16], "texture": "#6"},
				"up": {"uv": [5.6, 12.75, 16, 16], "texture": "#6"},
				"down": {"uv": [5.6, 12.75, 16, 16], "texture": "#6"}
			}
		},
		{
			"from": [-1, 3.1, 8.3],
			"to": [26.9, 4.4, 9.7],
			"rotation": {"angle": 0, "axis": "y", "origin": [-0.9, 0, 0]},
			"faces": {
				"north": {"uv": [5.6, 12.55, 16, 16], "texture": "#6"},
				"east": {"uv": [5.6, 12.75, 16, 16], "texture": "#6"},
				"south": {"uv": [5.6, 12.75, 16, 16], "texture": "#6"},
				"west": {"uv": [5.6, 12.75, 16, 16], "texture": "#6"},
				"up": {"uv": [5.6, 12.75, 16, 16], "texture": "#6"},
				"down": {"uv": [5.6, 12.75, 16, 16], "texture": "#6"}
			}
		},
		{
			"from": [-1, 3.1, 8.5],
			"to": [22, 4.7, 9.5],
			"rotation": {"angle": 0, "axis": "y", "origin": [-0.9, 0, 0]},
			"faces": {
				"north": {"uv": [5.6, 12.55, 16, 16], "texture": "#6"},
				"east": {"uv": [5.6, 12.75, 16, 16], "texture": "#6"},
				"south": {"uv": [5.6, 12.75, 16, 16], "texture": "#6"},
				"west": {"uv": [5.6, 12.75, 16, 16], "texture": "#6"},
				"up": {"uv": [5.6, 12.75, 16, 16], "texture": "#6"},
				"down": {"uv": [5.6, 12.75, 16, 16], "texture": "#6"}
			}
		},
		{
			"from": [10.2, 4.9, 8.4],
			"to": [30.9, 5.9, 9.6],
			"rotation": {"angle": 0, "axis": "y", "origin": [-0.9, 0, 0]},
			"faces": {
				"north": {"uv": [5.6, 12.55, 16, 16], "texture": "#6"},
				"east": {"uv": [5.6, 12.75, 16, 16], "texture": "#5"},
				"south": {"uv": [5.6, 12.75, 16, 16], "texture": "#6"},
				"west": {"uv": [5.6, 12.75, 16, 16], "texture": "#6"},
				"up": {"uv": [5.6, 12.75, 16, 16], "texture": "#6"},
				"down": {"uv": [5.6, 12.75, 16, 16], "texture": "#6"}
			}
		},
		{
			"from": [10.2, 5, 9.4],
			"to": [31.2, 5.7, 9.7],
			"rotation": {"angle": 0, "axis": "y", "origin": [-0.9, 0, 0]},
			"faces": {
				"north": {"uv": [5.6, 12.55, 16, 16], "texture": "#6"},
				"east": {"uv": [5.6, 12.75, 16, 16], "texture": "#6"},
				"south": {"uv": [5.6, 12.75, 16, 16], "texture": "#6"},
				"west": {"uv": [5.6, 12.75, 16, 16], "texture": "#6"},
				"up": {"uv": [5.6, 12.75, 16, 16], "texture": "#6"},
				"down": {"uv": [5.6, 12.75, 16, 16], "texture": "#6"}
			}
		},
		{
			"from": [10.2, 5.7, 8.3],
			"to": [31.2, 6, 9.7],
			"rotation": {"angle": 0, "axis": "y", "origin": [-0.9, 0, 0]},
			"faces": {
				"north": {"uv": [5.6, 12.55, 16, 16], "texture": "#6"},
				"east": {"uv": [5.6, 12.75, 16, 16], "texture": "#6"},
				"south": {"uv": [5.6, 12.75, 16, 16], "texture": "#6"},
				"west": {"uv": [5.6, 12.75, 16, 16], "texture": "#6"},
				"up": {"uv": [5.6, 12.75, 16, 16], "texture": "#6"},
				"down": {"uv": [5.6, 12.75, 16, 16], "texture": "#6"}
			}
		},
		{
			"from": [10.2, 4.7, 8.3],
			"to": [31.2, 5, 9.7],
			"rotation": {"angle": 0, "axis": "y", "origin": [-0.9, 0, 0]},
			"faces": {
				"north": {"uv": [5.6, 12.55, 16, 16], "texture": "#6"},
				"east": {"uv": [5.6, 12.75, 16, 16], "texture": "#6"},
				"south": {"uv": [5.6, 12.75, 16, 16], "texture": "#6"},
				"west": {"uv": [5.6, 12.75, 16, 16], "texture": "#6"},
				"up": {"uv": [5.6, 12.75, 16, 16], "texture": "#6"},
				"down": {"uv": [5.6, 12.75, 16, 16], "texture": "#6"}
			}
		},
		{
			"from": [10.2, 5, 8.3],
			"to": [31.2, 5.7, 8.6],
			"rotation": {"angle": 0, "axis": "y", "origin": [-0.9, 0, 0]},
			"faces": {
				"north": {"uv": [5.6, 12.55, 16, 16], "texture": "#6"},
				"east": {"uv": [5.6, 12.75, 16, 16], "texture": "#6"},
				"south": {"uv": [5.6, 12.75, 16, 16], "texture": "#6"},
				"west": {"uv": [5.6, 12.75, 16, 16], "texture": "#6"},
				"up": {"uv": [5.6, 12.75, 16, 16], "texture": "#6"},
				"down": {"uv": [5.6, 12.75, 16, 16], "texture": "#6"}
			}
		},
		{
			"from": [25.3, 3.1, 8.5],
			"to": [26, 4.7, 9.5],
			"rotation": {"angle": 0, "axis": "y", "origin": [-0.9, 0, 0]},
			"faces": {
				"north": {"uv": [5.6, 12.55, 16, 16], "texture": "#6"},
				"east": {"uv": [5.6, 12.75, 16, 16], "texture": "#6"},
				"south": {"uv": [5.6, 12.75, 16, 16], "texture": "#6"},
				"west": {"uv": [5.6, 12.75, 16, 16], "texture": "#6"},
				"up": {"uv": [5.6, 12.75, 16, 16], "texture": "#6"},
				"down": {"uv": [5.6, 12.75, 16, 16], "texture": "#6"}
			}
		},
		{
			"from": [2.36716, 2.1864, 8.2],
			"to": [2.46716, 2.6864, 9.1],
			"rotation": {"angle": 45, "axis": "z", "origin": [2.71716, 3.3364, 8.1]},
			"faces": {
				"north": {"uv": [14, 8, 14.9, 8.5], "texture": "#1"},
				"east": {"uv": [14, 8, 14.9, 8.5], "texture": "#1"},
				"south": {"uv": [14, 8, 14.9, 8.5], "texture": "#1"},
				"west": {"uv": [14, 8, 14.9, 8.5], "texture": "#1"},
				"up": {"uv": [14, 8, 14.9, 8.5], "texture": "#1"},
				"down": {"uv": [14, 8, 14.9, 8.5], "texture": "#1"}
			}
		},
		{
			"from": [2.92929, 2.62929, 8.2],
			"to": [3.02929, 3.12929, 9.1],
			"rotation": {"angle": 0, "axis": "y", "origin": [0.02929, -0.27071, -0.9]},
			"faces": {
				"north": {"uv": [14, 8, 14.9, 8.5], "texture": "#1"},
				"east": {"uv": [14, 8, 14.9, 8.5], "texture": "#1"},
				"south": {"uv": [14, 8, 14.9, 8.5], "texture": "#1"},
				"west": {"uv": [14, 8, 14.9, 8.5], "texture": "#1"},
				"up": {"uv": [14, 8, 14.9, 8.5], "texture": "#1"},
				"down": {"uv": [14, 8, 14.9, 8.5], "texture": "#1"}
			}
		}
	],
	"gui_light": "front",
	"display": {
		"thirdperson_righthand": {
			"rotation": [0, 90, 0],
			"translation": [-0.5, 3.25, -2],
			"scale": [0.5, 0.6, 0.6]
		},
		"thirdperson_lefthand": {
			"rotation": [0, -90, 0],
			"translation": [0.5, 3.25, -2],
			"scale": [0.5, 0.6, 0.6]
		},
		"firstperson_righthand": {
			"rotation": [0, 81, 0],
			"translation": [1.25, 7.5, -6.25]
		},
		"firstperson_lefthand": {
			"rotation": [-7, -39, 0],
			"translation": [2.5, 5.75, -5]
		},
		"ground": {
			"rotation": [84, 0, 0]
		},
		"gui": {
			"rotation": [19, 130, 0],
			"translation": [1, 1, 0],
			"scale": [0.58, 0.58, 0.58]
		}
	},
	"groups": [
		{
			"name": "group",
			"origin": [-3.70435, 0.50646, 9],
			"color": 0,
			"children": [0, 1, 2, 3, 4, 5, 6]
		},
		7,
		{
			"name": "group",
			"origin": [0, 0, 0],
			"color": 0,
			"children": [8, 9, 10, 11, 12, 13, 14, 15, 16, 17, 18, 19, 20, 21, 22, 23]
		},
		{
			"name": "group",
			"origin": [0.62929, -0.27071, -0.5],
			"color": 0,
			"children": [24, 25]
		}
	]
}